"1002","1003","1005","1008","1017","1022","1023","1024","1025","1027","1028","1029","1030","1031","1035","2003","2005","2008","2011","2015","2017","2018","2022","2024","2025","2028","2029","2030","2031","2035","subject"
2.07633659367545,1.63551976135554,1.29329643225904,2.30238717388103,1.46502504671495,1.24764888302029,1.95596308308355,1.59147330567138,2.05515576233017,1.70605332709028,1.83314869533393,1.32565174225042,2.12615815395454,1.81478522251249,2.33739264945642,1.51313112505833,1.22450297373674,2.00876845264216,2.1101673788581,2.15441547352764,1.3753363696673,1.85990530873885,1.35969492529808,1.49175215313177,1.89751214207493,1.98378282392359,1.27072360129213,2.0367654368927,1.77315395801626,2.15330329293592,"002_S_0413"
2.55525952688498,1.42351852375613,0.64172663326409,1.67803177384366,1.17732507307981,1.61983777697259,2.17806983337808,1.41419653111624,1.95926126958005,2.01171023562484,1.63450472880048,0.85916117819627,1.89756817197896,1.58899622967716,2.50739341244919,1.46500579713465,0.772226554927381,1.75600166771631,1.61098229255465,2.45065559725697,1.23275141442371,2.38399484582195,1.51005657760903,1.53015618024627,1.83854064209694,1.78209727166362,0.869315188724941,2.38000293919506,1.47695544715602,2.63290340998811,"002_S_0559"
2.52536871517167,1.80514872519592,1.25681171729372,2.52493117225148,1.79737216762227,1.52839549009892,2.15296215917237,1.36748853078295,1.70775473694232,2.21659759499957,1.89061842197305,1.28885628777575,2.49063159991133,2.13142823355327,2.50899291241849,1.70917834201035,1.25028196124526,2.17243517688274,1.90456505299483,3.22226060897017,1.69848290448835,1.66268941740216,1.34310254112861,1.22917894130778,1.73086831123639,1.99591628185291,1.32316756147027,2.12468858533946,1.83557981746254,2.30052682235304,"002_S_0729"
2.49575767213162,1.87005500038972,1.40363096561184,2.25280311962318,1.5476958360453,1.59484679433712,1.78770979910016,1.62541891296388,2.4769365094693,2.20799948414038,2.17117792891196,2.03593712155508,2.09154777446629,1.79924056773246,2.75472318197896,2.21187042510611,1.28477247782541,2.18914827123078,2.12267543566634,2.85008865298277,1.66917407244948,1.77874454947599,1.67535237843182,1.68779700554351,2.38627658047269,2.57880737199683,1.74711317294788,2.16907791927521,1.78036184231634,2.84529995441435,"002_S_0816"
2.25566875504786,1.31771420636707,0.720656687907648,1.4591354028518,0.792938365050269,0.949890147187464,0.978156842782369,0.986654326770162,1.35401326936977,1.90617704848453,1.56590262116551,0.864610281615586,1.47492459594265,1.25912003328066,1.74299964187545,1.40932564267208,0.792397935842403,1.40759583427253,1.29384128168333,1.82727991131452,0.687877775542934,0.852590101332942,0.697118585074081,0.796818894442098,1.38616282902744,1.58989420637629,0.770564771613679,1.31341382052461,1.20503737295959,1.65893409890012,"002_S_0954"
2.33196406423176,1.92926022961484,1.50242692233465,1.8011999856301,1.31414173711717,1.33345369868505,1.76992173562103,1.59298001420692,2.15643902775096,2.28500335852693,2.1222974527066,1.32367530949268,2.38726131687111,1.99470684490557,2.62437731447069,1.64756412703506,0.981690831869402,1.75136642697251,2.06256490515778,2.45629722273757,1.14793082020356,1.82050182270493,1.13162995305296,1.55315454990187,1.82281618481637,2.11565235177713,1.19183861816101,1.94006047240432,1.4935209684633,2.54771603591836,"002_S_1018"
1.55589724928749,1.35082038256593,0.912313608206894,2.0869014954588,1.3274821601926,1.21747250155153,1.44884965179022,1.49077638790916,1.63469540432861,1.69563718215355,1.75049263595378,1.19484459293928,2.2869248655863,1.61658632153282,3.01902072058235,1.40981131067116,2.01707373536616,2.27586121902242,2.68760351755116,2.65551931164099,1.49849184010169,2.1800213167857,1.41710751372212,1.52772305373155,1.62207240063475,1.81125846552599,1.28833940843702,2.29943632410024,2.14721846292476,2.88088918909676,"002_S_1070"
2.69902998071911,1.92214456655308,1.26075491297124,2.10370650863896,1.68200467495889,1.65052711732455,1.7170013767162,1.60353814932759,1.81769527135438,2.70623204515,2.18734425383327,1.21287868866671,2.83080704334724,2.09692949304805,2.29707661641293,1.92592680095231,1.19158564922569,2.47677630368835,1.74732139919418,2.34424119641497,1.55801984059785,2.33631606124297,1.49855954272825,1.51650592310168,1.88852170190013,2.33441097059023,1.33734559248614,2.73165224697998,2.0404353138993,2.55411240139498,"002_S_1261"
3.15292402822112,2.43753208772252,1.96567746595959,2.52134520403626,2.10602700070677,1.80852295144013,2.15247425575408,2.21267050501801,2.83357850841532,2.49058717998308,2.37200275272074,1.67185098492157,2.60433726106672,2.15183111839781,2.71206931460207,2.06240757565329,1.98022907338172,2.85273625428852,2.62959995402572,3.40753220226852,1.94166494065459,2.58984101558885,1.6880044550749,1.79945613624576,2.62679752508876,2.53717209819781,1.67946781310839,2.52046725061014,2.24080798724061,2.87802573751022,"011_S_0002"
1.71871817438983,1.41116545799984,0.895435529354522,1.47133362264793,1.31442014727827,1.18277751224647,1.24866145807119,1.36774041666685,1.76797031196387,1.92436744515268,1.69432325062036,1.14730738382203,1.7832597378414,1.51978467672203,2.08170633308951,1.58358343588927,0.960251080126618,1.65776355546485,1.7280227021845,2.0067552960959,1.25474167677966,1.77777732361211,1.04474135206432,1.26289212724221,1.76067067622224,1.74591469086224,1.12044227889917,1.83769059465871,1.43491810009959,2.02265017818215,"011_S_0003"
2.49302995345725,1.962713163479,1.1638916914563,2.42249459783422,1.18515383621738,1.54415211849647,2.01432756967474,1.62731239191475,2.00331702116774,2.52795009315018,2.17220502228829,1.58595511222971,2.10591027875191,2.10440193376779,3.06237587867631,1.96966028053365,1.18197602631096,2.32166273827686,2.20978270536271,3.08036009124365,1.21565412276931,2.19346865952354,1.57531706516141,1.59788008192281,1.96567369341247,2.24666493743998,1.68704749625259,2.52160723006226,2.04049201649625,2.94732064067736,"011_S_0005"
3.0724355713344,2.12787278828213,1.38583586274796,2.34951946477326,1.32233320477307,1.63601880314979,2.38932231520893,1.63592710794927,2.17268545981299,2.71591113466189,2.31847532443898,1.47363251008206,2.53852327462047,2.0117507218345,3.07776256450058,2.04408943789275,1.38093890072483,2.49992052502358,2.49510854125776,3.00425608900279,1.42463469840265,2.1204482622641,1.57768799839013,1.74870996079089,2.02981062314873,2.39054641026641,1.56249013711696,2.17259909784316,2.25961467154758,2.92264197589246,"011_S_0008"
2.17412062494763,1.45039056496307,1.29215786378117,1.67061101401406,1.29360796435719,1.17557694532532,1.75624884160468,1.12891495594236,1.79173531202784,1.88014505009746,1.83688446861368,0.953926846322284,1.99345354051818,1.58252863515406,2.41896018583046,1.51470499889783,0.877945763321896,1.49955055325273,1.58422525063754,2.36769953504799,1.42243184949585,1.72182584271829,1.03670681664421,0.970875008836199,1.55694665659857,1.93394720678194,0.950848390771383,1.69497207658965,1.41973954187926,2.31814113321787,"011_S_0010"
2.78194660904447,2.00611580192461,1.16038077168483,2.224835165001,1.55244660720218,1.92268069582744,1.7351815240441,1.85142702613815,1.98529906787301,2.8469503887096,2.2915439309391,1.22807659625256,3.23626074766401,2.38559691401735,3.00626097672292,2.07040255293758,1.07679866957508,2.65238060724802,2.56514372001777,2.77331627241712,1.68467337605414,2.60869649109636,1.63388215703231,1.91232400102343,1.96044710430866,2.41880310785432,1.36374088157906,3.13799974627805,2.21825897187645,3.22482873105406,"011_S_0016"
3.06149587413041,1.73283061486684,0.814359398287131,1.90437214144599,0.96599071904563,1.23186762800964,2.02526018043394,1.35937749190614,1.77171780886677,2.49306833677027,2.0122538121843,1.10659483893597,2.14209117391797,1.82967888769578,3.05118093718468,1.69578537239156,0.803032436935623,1.97153775607219,1.74952056393506,2.56807594753911,1.13885703306779,1.9353731802616,1.14672303727481,1.24609611720084,1.89841421988608,2.30341877422666,1.07171286539442,1.79953054170651,1.78656743245056,3.08838391071577,"011_S_0021"
3.0881146818675,2.2887786244985,1.39230281851772,2.83879017795548,1.70282355703147,1.55796093273589,1.99765857546132,1.93111951402853,2.30729282428559,2.72381997480298,2.47635966224752,1.63563352770134,2.99377980589749,2.19336445947356,2.51546198529377,2.58224908996382,1.39629124115291,2.98903358835718,2.70134796527891,3.05527629196363,1.66821977911554,2.48773321557603,1.5808300457658,1.92041660576112,2.14359992485368,2.64306351770237,1.66528467627615,2.82028687348203,1.94434559814263,3.06624466977021,"011_S_0022"
2.67234471580496,2.0611182718276,0.965301240695047,2.18332292397032,1.54070984226501,1.43367767346637,1.93380757709663,1.55586251084396,1.74183837668008,2.36978035466316,2.2369717217429,1.42590195141271,2.64354822331318,1.977215931004,2.99488686949507,2.10784895166295,1.03848461532559,2.24631881883354,1.87963177074911,3.43319954654475,1.38189174146156,2.37474816215524,1.32385446081668,1.70805233523552,2.0161678201077,2.35449271363906,1.49463085023739,2.74685568858456,2.02924563557326,2.85088223411748,"011_S_0023"
3.04843022368215,1.52159824584914,1.91093085587026,1.80522015763138,2.16606538047055,1.11468920705184,2.53119324257911,1.29824839653587,2.27409898651337,2.04692727640421,2.07337639418912,1.57252011431862,2.09250678955257,1.71331145620821,2.4510715918448,1.58401894670233,1.89106002154057,2.11157831408838,2.09433628993574,2.49595555422805,1.97614434069663,1.76003170211889,1.29117096461367,1.34249858608375,2.36849609084121,2.06905562003509,1.78821191553932,2.03157123136837,1.54671579591341,2.51920121437767,"011_S_0053"
2.08531330617493,1.32785064931259,0.929358785423743,1.54022650414319,1.55817438348256,1.35665720093049,1.67925950460553,1.21436580189224,1.69257849028131,1.90503481905353,1.68291874704709,1.02026888794923,1.97535712866699,1.46638043066058,2.83311909862937,1.28307446639133,0.772853728259324,1.4855631423101,1.94475493184195,2.4044238532474,1.41332544162745,1.70742601270952,1.26059483403262,1.09712161736062,1.5978643573864,1.75284591509689,0.874983068082288,1.74746066564109,1.37003670440734,2.27907264700547,"011_S_0168"
2.36288840053123,1.39428867958721,1.02529308340498,1.88648370089621,1.55929038586726,1.09605151255955,1.74900660570867,1.40991390070996,2.02269300926434,1.70271415744556,1.77333280581493,1.13596419799904,2.0751395510774,1.30164500045931,2.21537444363369,1.30474996309314,0.868453150200658,1.4977134422936,1.25886751571752,1.7440957096402,1.70088448466475,1.86590364690099,0.969843835618304,1.27485750512576,1.73863577303136,1.7267552128558,0.940038923578083,1.65990902430097,1.3470056889635,1.92167152284192,"011_S_0183"
2.57520180939927,1.38579570986203,0.904262945476028,1.10799002165311,1.51834162031986,0.845820268479854,1.78086230532526,1.12205052899131,1.62299728059919,1.28444550439293,1.71603165873185,0.767940909309441,1.54434404194516,0.932820489630166,1.70400748479226,1.1688466771109,1.0587149542173,1.28015517669463,1.42326117472526,1.5179822879277,1.77966308238223,1.22369173176663,0.859398227699011,0.992976832414605,1.67006088614746,1.78664883609802,0.727225919186526,1.21264711147901,0.764121387670991,1.59014349046323,"011_S_0241"
2.3730748609507,1.4448382889703,1.02844482351893,1.60660846130031,1.3850887297203,1.07890357079479,1.63891342245994,1.36878179602731,2.02941660596007,1.89194343712084,1.67868157653345,1.12829033443985,1.35520815111458,1.46980262991282,1.7930826793179,1.28871545910379,0.999918118974888,1.6880828513026,1.69013386630874,1.91644845575166,1.20432627900874,1.6105720000931,1.02569701766405,1.14056640950625,2.10244589490392,1.65962241789375,1.04441125782001,1.4176953406281,1.383474631341,1.75289325120765,"011_S_0326"
2.09742974929509,1.53047545721611,1.28750964998251,2.18893456147607,1.22196308495004,1.24454696694884,1.94418110493114,1.21766001549591,1.9464813641107,2.03774218166696,1.91804479225653,1.19614346504656,1.92145288375027,1.81468157781292,2.61689994115303,1.58337270594555,1.23911792810212,1.81146382490557,1.9269361236032,2.55006422955091,1.01765116464763,1.85189258673994,1.21170097276601,1.36109093227388,1.8612775355959,1.87750691566872,1.1118374630818,2.03987935544128,1.64241371812161,2.43023759148058,"011_S_0362"
2.69689385944337,2.11088629566853,1.16347419258623,2.06415806601382,1.42026938708824,1.49068484517466,1.89399372507273,1.58954526057204,1.86030871460427,2.58049630141639,2.23305050297289,1.39689008606333,2.30851360790368,1.92646864235918,3.14638855647729,1.74488771753312,1.09422810762027,1.89170770810851,2.11332435763382,2.32613621243352,1.50083754853923,2.06229462223559,1.46999802583392,1.63370938423139,1.68505146946383,2.29465643587586,1.41135730616639,2.25110997516268,1.79502354712983,2.88738540738882,"011_S_0856"
1.5893019804273,0.861584018891355,1.1240598825628,1.52330787490949,1.07355479801641,0.818959711966398,1.2430281906857,0.764561745912253,1.25950182632903,1.22661111001957,1.08608459262643,0.753671767261039,1.29236241116663,0.948792361291197,1.58428538150702,0.937085075360451,0.995980513644801,1.20875050575032,1.46698872302523,2.49278160292385,0.717679012827983,1.22860590134998,0.700642719762746,0.693482487372858,1.29186371371903,1.20706392247097,0.739526492538982,1.58611243870827,0.788939311392154,1.91571038647783,"011_S_0861"
2.04245078524438,1.42872386486142,1.06270315574726,1.33776013512393,0.8494112048697,0.996290575631603,1.83617019337341,0.97950963882833,1.68213277438389,1.88517650141838,1.41610571224055,0.892200986339828,1.57362463085628,1.13293366198706,2.68509904352896,1.1431603338867,0.897973971619967,1.29674064700544,1.58197613212559,2.31624768402557,0.975693806956405,1.50065686596251,0.979174888595815,0.986699471419757,1.36909940966975,1.53078942367694,0.834754736366994,1.78661716373137,1.219971456998,3.10098412960546,"011_S_1080"
2.819262157979,1.595971940991,1.28569071003836,1.86994057359442,1.32162617542112,1.02833820039932,1.546266869339,1.20792180008325,2.19584207512314,1.85306380011631,1.6055019905619,1.20480355454373,1.85201955814989,1.84488748035413,2.07609522066335,1.62294740597804,1.01232055656454,2.10020557473041,1.92171119640377,2.13999718652506,1.20643239139372,1.73870119288728,0.942756412393298,1.20872898411851,1.82304855229503,1.63560580120273,1.09324742291319,1.9120997407792,1.53916622854955,2.46828946611932,"011_S_1282"
1.76287455988274,1.47115574569783,0.91139187053842,1.60657499295561,1.29271324565542,0.980725482846075,1.57061364205242,1.20346161186843,1.46865055184679,1.83183476392725,1.65035716131817,0.864170027975147,1.92136697864931,1.29654161410436,2.11987735640682,1.53998276891975,0.807288212978267,1.37945896667397,1.68563608097273,2.15263510930583,1.16903325085823,1.5123536120849,0.898266599527773,0.991010992421109,1.86487657589114,1.65619030470299,0.896815462281543,1.75244260578612,1.23013036610354,2.07211545965513,"012_S_0689"
2.14124731372937,1.13725566835572,0.639925634553692,1.41179058624543,0.681007687498298,0.717194114712807,1.79250258389672,0.783753529754549,1.40888787874526,1.56359459704705,1.3690731872266,0.729613512497777,1.5301384167847,1.07913493357004,2.27899140355377,1.04201343532287,0.782110418244508,1.30287457732781,1.40766666805151,1.88380853522802,0.758269844566723,1.07212638449419,0.615324773963657,0.747345473915823,1.47542074236679,1.3243206684411,0.994616165959159,1.32507907896443,1.05671620719341,2.08446032308157,"012_S_0803"
2.22748648856352,1.891974109546,0.93730478492067,2.22854492267324,1.18072006141614,1.25353495012224,1.87584920928714,1.38302645102749,2.19972529986115,2.38411861399446,2.16277372125876,1.54635579931088,2.10567481254828,1.93218368297882,2.45163931122989,1.90610348489228,0.996692747074274,2.42985994730162,2.16973745659794,2.5992894454113,1.08454952645139,1.86134189235447,1.28014149591019,1.35710094264039,1.94329753982145,2.28389544286882,1.42140189020224,2.0424817572662,1.95567737784056,2.52215483521821,"012_S_0917"
1.65433221498934,1.98181236099427,1.6844601535508,1.81186296126219,1.75200469746005,1.79950507573319,2.32471790153498,1.98556180655773,2.04529880781257,2.24054477548712,1.999146970306,1.20590895915904,2.39496206993668,1.84963046527093,2.59246677579967,1.84835851573486,1.65622139308313,1.77413888720498,2.07795484317881,2.67171331961362,1.93397003020532,2.43883804505585,1.80770490340025,1.89428643219597,2.09850413831203,2.15827249885712,1.16487151964002,2.58875348233965,1.88142509126503,2.58907419440219,"012_S_0932"
2.42469386650848,1.87908250043,1.84747931635974,2.04358228323136,1.6335459224819,1.76448938942714,0.840212428626593,2.02303187971101,2.20614720565525,2.01146772983772,1.77886978432001,1.38989605447961,2.99263983021154,1.73209696024606,3.13220715781477,1.9099030986433,1.51371686354514,2.03837862859158,2.4825191848579,2.5918238656463,1.95753334725284,2.51417458322288,1.81634960222138,1.97007178049778,1.97848272727095,2.01410170032194,1.33956761788406,2.04822834644545,1.93144221626636,3.42487517328132,"012_S_1009"
2.63629471534866,1.67064919858917,0.864986190100731,2.02620510177441,1.02387442855177,1.12835454003585,1.6233824427815,1.35282783929844,1.71141283424768,1.8925350511904,1.77857105930582,1.4093176229465,1.88792357932785,1.76665283294535,2.25070032083408,1.47089792021996,0.75485093786264,2.01816460025955,1.70194014950993,2.32719332438355,1.16454111548081,1.83069195149953,0.983525878876015,1.13323578728597,1.67527084154976,1.90329143589553,1.38034109879943,1.7137353051749,1.61902447800765,2.3187284339739,"012_S_1033"
2.33053702064042,1.62085672807875,0.928766086605209,1.52414023912745,1.25022519022333,1.20495723969328,1.46991109621938,1.49652071951026,1.90466061480359,2.51980985874944,1.9428239169839,0.953825789699624,1.68810730249612,1.93227115862541,2.06200808609922,1.54382279254604,0.636855302360145,1.50956637308124,1.37581311529726,2.48448277441887,1.22986633474062,1.51398810967909,1.23387769789956,1.32000621235662,1.70705616760489,1.97036367485055,0.937143478212002,1.819366168052,1.63927139725157,2.1318269210362,"012_S_1133"
1.83519346063577,1.69646277094535,1.70295949262995,1.57206705245959,1.95974085241615,1.62794181008577,1.81069575375885,1.64346049229876,1.99057714210779,1.60359905202251,2.37873221812156,0.984894748297895,2.56040160500283,1.55866992461725,3.53138324232655,1.84034524301302,1.61812175096713,1.67059500117692,1.80994367850049,2.56712586235969,2.0266650162558,1.52301415154049,1.68287602974729,1.8838596830229,1.81167039280647,2.3945602257778,0.995945542176784,2.63386732169934,1.44977682646833,3.21978729242296,"012_S_1165"
2.39650986305643,1.78328229529269,1.35125798236238,2.02577796064931,1.61420512096405,1.74922083963539,1.34102788809538,1.85342098428739,1.87876471018364,2.28138947734638,2.0881330248816,1.17837652293178,2.21690259189094,1.64790839017318,2.4063617306794,2.04714452657051,1.08562770911211,2.12455415653651,2.44009989298333,2.81854320889257,1.52678810726127,1.77747995163312,1.60764612533084,1.61649147358353,2.05399534547644,2.28037648382664,1.09171381850099,2.21848607365066,1.53109911256124,2.42450263866824,"012_S_1175"
2.09836679098991,1.67517143987213,1.11342697677132,2.25703085665808,1.27686424201087,1.597644477829,1.89954879207923,1.77898753614608,2.04749526765253,2.10237902436522,1.89240463428986,1.25648811837218,2.83844414204027,1.9851841830716,2.82599460388362,1.53985656827805,1.1474718996705,2.41862282509952,2.10801858825413,1.86781823507733,1.16322305562824,2.62757834245887,1.66458096170263,1.51244070264267,1.93861825809044,2.05469205126267,1.32712452399933,2.03574142444957,1.97305151986147,3.06242641159153,"012_S_1212"
2.02773806238752,1.56813512809286,1.06462821418382,1.79394031718449,0.946567799964623,1.20437119872905,1.89277395162462,1.38564963777145,1.99358478182859,2.20500352748371,1.95334378748752,1.03163580672371,1.94364813155809,1.85889177163133,2.26512044649343,1.50989527341544,1.04273803190561,1.69343902555186,1.62335568911452,2.3535403450551,1.24923722259308,1.8428978729332,1.30726086645157,1.42725755482495,1.61419191498797,2.15803687655295,0.875043522595565,1.98792965543427,1.67588734181865,2.09833688875874,"012_S_1292"
2.48689921748547,1.88013089695924,1.52290033864176,2.22383889214797,1.6348559750473,1.35999986887395,1.91208502016141,1.30556717665772,1.98978709900193,2.37712526761762,1.98234315175133,1.51817560112848,1.94576446800834,1.89483560864643,2.03678255079118,1.74939417259208,1.06887077934998,2.27887652582308,1.99859780182309,3.11633918021036,1.53082377544005,2.03732144904254,1.11637726495026,1.46615474853323,2.14239849352895,2.16086456293212,1.57692442801744,2.54146846351326,1.78164633093426,2.291708539306,"012_S_1321"
1.96544994178541,1.49183511858485,1.14888291747682,1.40138799476388,1.48463078696057,1.2811047947504,1.75410103388117,1.71418993433405,1.79413060100916,2.11297550924171,1.83506669413712,0.898087056952524,1.59212643781203,1.3216293441573,2.13600487657285,1.46836976864207,1.28355591506081,1.38563980787026,1.51717561185062,2.07364862516832,1.65195231969841,2.00257096125862,1.37765154252037,1.62584173467155,1.57701342904795,1.92893990969304,0.740531493860429,1.81610678791806,1.05398703827241,2.6224528372573,"013_S_0240"
3.07531633738196,1.78503253316733,0.974502695759848,2.00417842360582,1.65908141992753,1.68008287171037,2.01888250542205,1.5645334280816,1.72530776831586,2.61787839043957,2.07096907347875,1.14684646005743,2.81211521555417,2.14999603390298,3.06845945853456,1.69823259445938,1.16998519495777,2.16911192976533,1.61988181603866,2.94887719242019,1.53466034244301,1.94745517214582,1.43037941974979,1.57375188916529,1.80777655221313,2.28399695599184,1.16979811335778,2.75029116881553,1.93657033435724,2.64158031706681,"013_S_0325"
2.40955132976035,1.95899098909781,1.27412638761312,2.20743403144313,1.29850524981669,1.67674757957734,1.5921275593822,1.60623580029757,2.1249596653982,2.63897678652231,2.13269074885092,1.28395337752643,2.26629140138081,2.27122542928519,2.78226868154731,1.54486402931046,0.929435364927867,2.30468322589912,2.18786318355672,2.54414482308844,1.25134134334157,2.07745107950642,1.45479318229351,1.32168490585044,1.95785721817712,2.29542732693719,1.20951676457522,2.24806653380008,1.94295255282408,2.67690609873827,"013_S_0502"
2.76979845278681,2.17327065589378,1.91736003534263,2.29677095379403,2.26572128916403,1.76580654911813,2.02874090987398,1.64821218648253,2.69672907246673,1.66873213605308,2.09597644446522,1.76998532265186,2.31573410045291,1.58357437270583,2.13740488168045,1.70118859792157,1.43173287842934,2.1715667552149,2.13285836803239,2.27067655752331,2.46527886920024,1.70752915578881,1.67841789852523,1.82187041913657,2.71156393442552,2.487132244604,1.83343403028862,2.32472422699951,1.54729580037045,2.45868370395747,"013_S_0575"
1.76976266406632,1.45533020424959,1.08223781849529,1.67336003187463,1.17841992520332,1.18794524559317,2.00642957000282,1.19627455018699,1.45713526734185,1.91329520832503,1.69097079140892,1.21667592825986,1.52919407102831,1.77286650300149,2.33347343574473,1.0566166310851,1.27463075038565,1.66610718749578,2.15039205115051,1.92874653402057,1.05814075248857,1.29248136350372,1.07611725641077,0.91167480937342,1.56036387860733,1.66290371879395,1.04332803252283,1.37063546147853,1.24207093140945,2.28188143213298,"013_S_0592"
1.30380444006072,1.2246517635408,1.37973753599241,1.14300285301026,1.39733632439213,0.883483385340386,1.30274579731998,0.972027095010244,1.75618054189571,1.78494359685356,1.40319345027438,1.05538816867165,1.37684203737181,1.17725221928757,1.17119046167561,2.00447201749179,1.8153839951176,1.77306253154057,2.27734676847664,2.33772044326581,1.64334007393198,2.6845176175168,1.08335299490327,1.40873694078561,1.95818988416524,1.92932818438081,0.99619675102023,1.66895587009897,1.4564947087679,3.12982259496998,"013_S_0699"
2.3316347972651,1.29307876048816,1.15695558515442,1.52677804921095,1.30988313182092,1.00926585814141,0.938488305385493,1.15874760055452,1.9917784377057,1.97591551897388,1.76314733325682,0.655744223625578,2.24945394559128,1.07909668580558,1.89668062484742,1.27965700285638,0.78259577097119,1.31938562686223,2.24370372064311,1.65833818993773,1.31805942421627,1.12127813922257,0.74593272630668,0.895814642067946,1.65864276223749,1.80624837536251,0.840068534417078,1.46742895809455,0.935058643874507,1.33673707733373,"013_S_0860"
2.48338691563709,1.386935115399,1.09985349500814,1.73789404526426,0.846584814934367,0.990465576458509,1.86400105268607,1.0607608111182,1.47353910381265,1.71076459308649,1.51572656098335,0.995633859795993,1.93968345063539,1.586100944648,2.26625550425392,1.2402948073083,1.26895940695426,1.40578440442345,1.85532218623668,2.37178276160396,0.879458895332371,1.50616191464748,0.932731476720675,1.08574923850265,1.54229200961975,1.53783492999376,0.77296645183972,1.618127003205,1.36225090120303,2.2543896933155,"013_S_0996"
2.37859867838868,1.48099203699754,0.823729100076158,1.4177361093311,1.0150754881503,0.776772816011542,1.50837412807827,1.08904952447483,1.63663086852246,1.64619444971396,1.61421687994213,0.938857107120376,1.50699720948985,1.18785933026657,2.66785311122303,1.46065099748347,0.586672965328569,1.53443283615951,1.60260647344125,2.18443210178841,1.1131823960397,2.52735244708065,0.948108941250148,1.29991397474985,1.5095105227111,1.51227606809261,0.954218040628231,1.87966026969522,1.1519754253674,2.44021143515993,"013_S_1035"
2.60312839727868,1.59601931704175,1.37054019603945,2.04950159417196,1.38804290357988,1.20411210501505,2.00401979984392,1.28398958521395,2.01988777505861,2.08444352996253,1.72003474855177,1.23209265832472,2.13510077787039,1.79767436350981,1.52034354334349,1.57878511889252,1.17826141091369,2.27365286160301,2.41811708793003,3.21986177693233,1.49343721176188,1.86595288942942,1.05398105623023,1.2065125416249,2.0687491477892,1.87027873378101,1.24896072527817,2.21370552724593,1.66523772758795,1.33351410409423,"013_S_1120"
2.4629800038954,1.76130204948257,1.09303594089922,1.7433763996279,1.41062647098255,1.16765508621787,1.55025925819337,1.46988481280572,1.47462090900538,1.83229130324945,1.72150945868691,1.15027412333313,1.91717181107336,1.36010877610995,2.50980056065866,1.68948827597235,0.966332583084018,1.55587823873858,1.56860411019421,2.41630220449789,1.51004531974603,2.57336653313975,1.3153248496455,1.34989140837014,1.56404654043008,1.99716693883106,1.08323550740381,2.09086199545046,1.41074259044093,2.61266265210745,"013_S_1161"
1.6514390403691,1.62733311238305,1.13408181757151,1.502881006523,1.70855400201692,1.45243048860785,0.795786348358429,2.1425010500453,2.04399193161688,2.03862714690214,2.73578179503078,0.87973411724311,2.11718032972665,1.34099347694207,2.39799845357167,1.55048333580476,1.25136802075211,1.65440449008107,2.11839784726299,3.64585099286587,1.79147932172904,2.45509199398706,1.92477587480196,1.80485173786086,1.73283434651979,2.53819790982868,1.01424582522536,3.32215785991319,2.13952665747074,3.05828431949205,"013_S_1186"
2.75830948297833,1.67726009790167,0.865292453200675,1.53853770097389,1.48880008429101,1.32552643509263,1.94128129146859,1.301208261282,1.91143271870035,2.22253964800106,1.79819254398478,0.906424126925013,2.31969323923032,1.60975268822042,2.37335664772967,1.87042109473291,0.75995136154324,2.02930957379288,1.59243137835692,3.01322879693675,1.48091455092884,2.01897496943074,0.832583144753462,1.25152605986508,2.06634094919096,2.12190597605555,0.98636474614387,2.06922055796138,1.26952869692445,2.22717764891683,"013_S_1205"
2.33486753186401,1.62693909000617,0.981532528147533,2.05656271212876,1.35545118830243,1.13230561985333,1.70293762175143,1.25460795955894,1.91024123733568,2.21591833769198,1.89763577664396,1.26695960142838,2.3260774323941,1.68173617995942,2.66174513212369,1.55312695987365,1.1009195141838,1.91769038673388,1.71941548402851,2.55622328554944,1.25265976578754,1.97529722493559,0.824200125692878,1.17600974276449,1.79745676035521,1.80002826375266,1.31581318122507,1.99839875714824,1.56009552196668,2.69779732370092,"013_S_1275"
2.89894557011314,1.5727989280568,1.04347595349315,2.47546927585736,1.6318051575501,1.38929103562288,2.05569219452121,1.51437979168822,1.81258191083066,2.04416859086046,1.99016334007344,1.29837336687841,2.62540129508875,1.77490132733419,2.66791680758102,1.84649270679492,1.09490999068074,2.35059377854562,1.74860300123334,2.62060586229667,1.46077643412326,2.19417092481464,1.45410251324028,1.52661725703686,1.77127215970781,1.99902220067521,1.52995010192964,2.27396971617293,1.81457886279616,2.71758477464172,"013_S_1276"
2.40870921507298,1.67499997198106,1.38969969811393,1.92386538822201,1.66020038924909,1.83979635712248,1.82005831621652,1.62259654794963,1.7532026668601,2.09437084174645,2.14566320456816,1.02948453882244,2.35155610552796,2.02196631370422,2.26110636847687,1.64073819388015,1.03466476479291,2.26477451376154,2.20638272651658,2.88082404663053,1.67448750951834,2.3034050832154,1.63191450450717,1.6818731025665,2.25757992562298,2.0929118071827,1.38406130321471,2.11190256301227,2.16055478620538,2.00918133733702,"016_S_0769"
1.72107469624631,1.73467023250754,0.925466351113859,1.41062402716438,0.861088276120709,1.24290493175564,1.50546030397301,1.46099773895519,1.69603899700218,2.32051533089223,2.08138960988513,1.24927430309799,1.96596013110227,1.53839388468157,2.86979172946583,2.03599929593055,0.864957154299571,1.70945298817953,1.89633090166963,2.30775501582242,0.92335660508133,2.11707333899062,1.32400561973858,1.37703190190455,1.68360159041655,2.22065146328905,1.16244195380059,2.38088122568572,1.68520469251833,2.95997018682824,"016_S_1117"
2.30809834725127,1.7007195094443,1.63888984672375,1.7969374166427,1.78496451676635,1.37198833198674,1.63474270607605,1.71441055175322,1.71263636307898,1.92635291394777,1.79435196248142,1.1388152655658,1.73976679112741,1.67677741925486,2.59079565022324,1.29920456260915,1.42981010637001,1.74632010332308,2.38835455541616,2.84045862897024,1.60106496100793,1.56031624914843,1.00220894767553,1.58390171146217,1.50061097220311,1.92296792709131,0.982299502845426,2.12000004194614,1.47769037232296,2.63496388200893,"016_S_1121"
1.89802251500748,1.85173983222548,1.34815934052093,2.35027071095365,1.52726839614568,1.40064811867938,1.97343588104075,1.51704138337821,2.4452331595216,1.97345194690298,1.94005554800412,1.67729257161427,2.13443210664419,2.04876922915916,2.34532315528577,1.64257693870487,1.24233908057179,2.59238347149608,2.27765387511255,2.52039909537426,1.63471090788454,1.9583644051893,1.58590269857938,1.38235413644868,2.3668023046017,1.85925476162611,1.75339698457596,2.05420907652248,1.87013979491211,2.33786408844527,"016_S_1149"
2.80502207007557,1.42753267276717,0.856510777563092,2.19418731499892,1.10648714437906,1.12747655272326,1.87655623445027,1.10475600424132,1.68306757584367,2.11986420887922,1.68970446225116,1.16507345039977,2.62931216406144,1.79160229935137,2.63425687806312,1.67228790613043,1.36089831537512,1.70931591995495,1.72143061951483,2.32755906816756,0.876701220308174,1.38907700461944,1.04863966225814,1.07250424923897,1.80515556269978,1.80780135677697,1.12448837895509,1.83779742367385,1.33021210665643,2.65584325733873,"016_S_1326"
2.48625329078683,2.25281664326508,1.1485366648118,2.25784520701021,1.12109709984506,1.46281934916855,2.02021810562458,1.81921434398519,1.79709350661384,2.6883984208779,2.40031497341273,1.46451973720701,2.58546066652994,2.37248742830392,2.73548283361527,1.82251864304219,1.00822585667718,2.15943541750079,2.31484017795344,3.09045243829106,0.986674594574162,2.13154681003141,1.44905960124773,1.88649853559846,1.85564847545296,2.49379460952807,1.54296728401057,2.70235503348355,2.16163793026163,3.04450418536104,"018_S_0043"
2.34739548103111,1.28295419286528,1.27748088822808,1.52804845095425,1.45777921470965,0.832508849695794,1.51842724305431,1.055926205045,1.54060476754877,1.64905249937518,1.42468882551909,1.02031013269196,1.60436704082958,1.20130071582804,2.05172240577428,1.08514670474057,1.04652274485493,1.61619102009839,1.72922622692038,2.84438933292398,1.16971100720574,1.78378575773205,0.921048776281144,0.858960333632416,1.34499676440404,1.49629026487598,1.00380727273021,1.78837835283086,1.16128163470943,2.25876097145783,"018_S_0057"
2.5065073300358,1.49584851341989,1.02363244604422,2.01093921844611,1.24957084836694,1.2623089036515,1.95725773333619,1.38806950575153,2.00423016749377,1.99084247243663,1.86102147849923,1.36119829866897,2.03457900156148,1.5699229651373,1.91153377766975,1.74741304158503,1.27916765825438,1.68058391942708,2.37169758359311,2.46734363418499,1.26500791790224,2.23134582823064,0.925237063336942,1.174633754915,1.98275256025706,2.02935358224872,1.35131947382257,1.80857450648846,1.17833855263011,2.45057810479993,"018_S_0080"
2.29327676210556,1.95407720335053,1.01156483564966,2.1893403173087,1.53861084504713,1.67934508025357,1.5829765022819,1.75934770286603,2.31595076312026,2.24302205892909,2.18924558586365,1.55665407167177,2.18678403914975,1.82151212799694,2.78994157880152,1.85872152333539,0.970734625549193,2.39065703491431,2.14712113419192,2.40208828788622,1.82175843227703,1.91662946086759,1.67826892402382,1.7476754159704,2.08822833141191,2.2240077439751,1.53846955663376,2.12149743590393,1.76604306572569,2.50947677474303,"018_S_0087"
2.27822153798457,1.41928254325143,1.42130809292837,1.52087356962704,1.20683363564529,1.18176667492832,1.14135526500135,1.09779863413274,2.07516414927289,1.6786016236252,1.75006973504967,1.28050562350706,2.34099188715562,1.13937932092472,2.35089919380179,1.21239406073636,0.932456478207796,1.55449311891218,1.42804276133701,2.62460870661688,1.73770412362599,1.34327032793034,0.838181494341368,1.16329357620946,1.8063950546128,1.85886639635684,1.02876468868178,1.87069841246642,1.21452287748518,2.03631899303538,"018_S_0103"
2.95442291093147,1.59113353009875,0.875754337241297,1.81680606408285,1.99206435378067,1.2487068678449,2.20033903834618,1.36937862511518,2.18921340246842,2.32948289273413,2.04299756946941,1.2851704112179,2.41351093516807,1.72933246252119,2.46195781845687,1.53992260003832,1.05015735936385,1.73085529221438,1.69962726481338,2.62796085504049,1.56029582455686,2.12504742548965,1.12521515128714,1.42749942348268,2.12260120942917,2.11146341546988,1.20392191449622,2.52235057455735,1.61710132397823,2.34828478092574,"018_S_0142"
2.28440830085822,1.41653542101634,1.38934039531221,1.73990487216988,1.88541596893783,1.05073019884199,0.854579268260253,1.25055349584681,1.92154985666904,1.58753640194514,1.85819650593677,0.949710522292251,1.75174961430118,1.31828962780079,2.1104241520024,1.66037149677259,1.56012127754265,1.49624029361046,1.57047609878024,1.69590489338041,1.78913221172402,2.08572393989508,1.18437834887767,1.22842872771117,2.04764291370455,1.98138457467887,0.854707979968817,1.3375397738862,0.96866395205611,2.25562986075207,"018_S_0155"
2.05565906535058,1.39436315965372,0.815660912453184,1.63388901837598,1.11380647337028,0.847893012698163,1.96127341320541,1.07203170073936,1.83156991254749,1.74607461158986,1.6646373025931,0.972993877274672,1.82398937481933,1.41597394387248,2.12066814192712,1.45043894792386,0.673992833026636,1.67222392953853,1.69349889483929,2.79647106795546,1.06307989075173,1.86314427573732,1.23606774648072,1.12712572669782,1.7206250162779,1.50783243761082,0.978715973880022,2.04557231032784,1.46241257115405,1.43967677324181,"018_S_0277"
2.53750203377618,1.94384561836652,1.68218368648318,2.00715955045817,1.80839681530967,1.83036824300304,2.14590823325235,1.74019745328978,2.02668685704493,2.27578905645665,2.24186774712064,1.81113859878537,2.1585138297708,2.11972859046104,2.33029818086352,1.93961014528686,1.12736164213396,2.38564280818244,2.308631917797,2.5938293178884,1.97678781850617,1.91209747241388,1.85268531679022,1.91849482518899,2.42137338172194,2.42870961473359,1.7822333939456,2.43867015966801,2.19746548528098,2.52107014156037,"018_S_0286"
2.43512888797423,1.50973489336856,1.25493903862794,1.70468209061955,1.25974056350482,0.755285280024457,2.03976247037058,0.801936925386552,1.50998146099419,1.95024405661912,1.44547842665572,0.828270496756728,1.23697901573234,1.06350874209903,2.41394586784297,1.76333596539315,1.00940339982985,1.25540833301728,1.81929275087594,1.645003894984,0.901709238744258,0.980966639670643,0.857666057640577,0.866384281723211,1.38623294544779,1.47473838711209,0.878811572528721,0.989779426363327,1.17534447546565,2.27073425927245,"018_S_0335"
2.2831540039868,1.85154701018362,1.53080511197221,2.21234871255501,1.56216503408487,1.51803759978123,1.9234152719891,1.88523329480261,2.38137933654576,2.27727804537858,2.13520271815033,1.54319761041227,2.96233631578214,2.13402424609979,3.03214612797312,1.87039218243492,1.43215569165075,2.41973302469286,2.6246044565732,3.0183063018377,1.71160477450192,2.53050487146338,1.40251898002386,1.59169554182722,2.31197483580489,2.3249614797832,1.48627349852273,2.43893107604967,2.03046870764994,2.94247437968481,"018_S_0369"
2.50458657766478,1.2138338242542,1.05049385675368,1.59464986251696,1.89059939308527,1.19672917991986,1.38402585679178,1.45502873794979,2.13216534147646,1.69729479785063,1.79088875192378,1.49543252779488,2.39746117663658,1.64442743444579,2.14383160589671,1.55225646188532,0.622016387229353,2.22585486374292,1.67417475801624,2.6326086798893,1.65492083942146,2.72580225005012,1.25266654013693,1.63779506152044,1.84094596079673,1.67866896666679,1.26846780095964,2.21254564602477,1.6708012607194,2.69391627453236,"018_S_0406"
2.27239921506358,1.33982580983453,1.63631373772294,1.03423844224148,1.6574184907847,0.992767208414168,1.13140050558919,1.38877082863552,1.44789727832412,1.54150209327539,1.66774056524084,0.626217082157979,1.54520029820156,1.13966649671772,2.24048668323341,1.21740160849674,1.43636102505903,1.15956283507739,1.33748875427403,1.89866469195787,1.47775411733525,1.54849692436342,0.850864895814965,1.05202201860187,1.36394515895052,1.83625511256075,0.745451883901955,1.67052909971326,1.03247275493715,2.06555827236864,"018_S_0425"
2.74546283829505,1.86407200230519,1.02923438166084,2.19381296044223,0.962592489511121,1.50375435333543,2.26492605218182,1.49258501854637,1.54642393198337,2.31850065299418,2.10918463434577,1.38372552982862,2.0950142118915,1.9006793423582,3.54473121812542,1.71269655141325,1.50644837546827,1.91282136769852,1.44652156299597,2.91346164376872,0.977269074502959,1.93155560418852,1.00419691473748,1.27981178922816,1.86047196102337,2.20131610429261,1.51157206787789,2.5273702075463,1.56155205326974,3.15544376199192,"018_S_0450"
2.6539011705671,1.83388931337124,1.00780869599152,1.3664415141616,1.46815069906609,1.28563061766973,1.14767687539494,1.30371256763684,1.96287914984775,1.62757308267965,1.86830813835257,0.765269328203252,2.1129474202922,1.46606378713154,2.53281360730031,1.15103229654481,1.01594166088592,1.75837451856701,1.98994849982861,1.82539759921362,1.47201533476607,1.39505649330265,1.11034774217644,1.21815872186668,1.80911968006883,1.91317212448284,0.768331417518338,2.24592451472596,1.09773233422088,2.11211639828124,"018_S_0633"
3.06813792245449,2.03111503129547,1.09446300410482,2.11737300510138,1.57808665290525,1.37503334647834,2.0593134807795,1.89917597668826,2.37367422968711,2.73033856712447,2.24524099005924,1.36967078942608,2.60988419997179,1.95080872247117,3.27633989290841,2.04759970955035,0.872239730700217,1.7556338188392,2.01816188033356,2.19397652989642,1.36807438663713,2.72695591624808,1.47973704982271,1.71753159735455,1.74128639402206,2.28428790051148,0.933084104863962,2.31385543809068,1.80265560395548,2.97008311091144,"018_S_0682"
2.18163280286755,1.95830288533636,1.35515784699968,2.42678307261588,1.27375165849575,1.58390583393803,2.14720353618156,1.61690348562797,2.63015595132636,2.30688139511106,2.15136686544746,1.90327788933331,2.48177506553184,2.01867872112574,2.59237204115671,1.87378666561692,1.21093549127322,2.41531506512884,2.39327179538499,2.93245500364715,1.36999112591178,1.73029408824851,1.53469051824366,1.50683079666074,2.04795356925239,2.20677243380085,1.71876806012182,2.40013123241653,1.90782018492815,2.62172038573028,"022_S_0004"
3.23202286747927,1.70239699533842,1.19895088316806,2.48536954494934,1.78406865394883,1.14842819520842,2.12321859400513,1.35569044239787,1.87142703786909,2.23464006988145,2.15537604616053,1.2022843057509,1.92792173112978,1.67416401936496,1.71112498654735,1.38331620734304,1.31125982526934,2.32434677508817,2.44514791889515,2.68955016715715,1.56772434552259,1.91028815951052,0.90681869803332,1.21529123704929,1.79057593624997,2.24288808415239,1.25192637652839,2.00070721078375,1.39308022823695,2.41025712520054,"022_S_0007"
2.45231176763111,1.86718050613063,1.48353367597732,2.31518804200728,1.66515079054378,1.47168368421919,2.08519194304654,1.62403943865982,2.18937102761895,2.34816091468766,2.24015052000494,1.51347626520967,2.73079446202304,1.64721538804735,2.62088918822379,1.84717388967519,1.25943133091556,2.4810401557514,2.0096857782395,3.52467618617355,1.69940918219367,2.5563828858862,1.4143352887709,1.62797047013752,1.89031647410548,2.31814934122045,1.38796672466834,2.98336983301803,1.8417406819482,3.00647840815937,"022_S_0014"
2.33782102951547,1.42038880574204,1.03544640100956,1.63677975027432,1.27321860431278,0.76492239359057,1.80267759756493,0.876366345970991,1.71731813138145,2.13982703321873,1.630711881069,0.965559041626024,1.88204940007411,1.46195657749946,2.13537056053204,1.38229017113149,0.503811102893562,1.78509297578682,1.57130848929761,2.144986502559,1.19334729158313,1.46982247426616,0.91950208329735,0.993788852827708,1.42949793452814,1.82260998601066,1.24950778161206,1.72880563215989,1.36503665633346,2.22539786005781,"022_S_0044"
2.76303157952223,1.45729943289597,1.1808563785081,1.64248886015572,1.33552655339019,1.00358241205931,2.17159622309078,1.15098299960532,1.9651338086492,1.96220113456076,1.77752761134714,1.01681168850135,1.63845160395956,1.66422253493471,2.01292467525731,1.95100925954993,0.718800271317286,1.72827830768215,1.86149380313616,2.35054715656042,1.52789046949614,1.82351783596662,1.03472822784406,1.18970035414874,1.72086551731045,2.11769306268478,1.0395511094269,1.59686662353555,1.50959709956734,1.73836843776002,"022_S_0066"
2.28841384611436,1.6403092501823,1.13898255940783,1.70351670867368,1.35101058945789,1.5676914449787,1.29869539060466,1.28413504898963,2.16257553844047,2.2488514637343,1.85979152877111,1.49567501874348,1.99409226373968,1.57799963207475,1.8256830363878,1.49438681033143,1.24363371003066,1.54899235266201,1.86032367544643,2.42048204988872,1.99206069186068,1.79049574878177,1.27667124647491,0.998518221357797,2.26088897813282,2.11879023135963,1.51415427387871,1.66293487057058,1.16056584603727,2.05080931403326,"022_S_0096"
2.75959629381761,1.55101454468419,0.865116336925119,1.83163098536665,1.15962778360727,1.33708491198729,1.70764886637736,1.37061321722658,1.64180127993836,1.95288128798322,1.6688426244161,0.990348005836412,2.17135026162195,1.48967288777498,2.12289609210059,1.53711861616368,0.870171534573888,1.49188046001546,1.25961266684795,1.70497879741646,1.17130947597541,1.38472306651708,0.839554465452446,1.22524087405478,1.47707811969848,1.6328184413922,0.827079258713236,1.83428878639742,1.36064912767022,2.10618618165689,"022_S_0129"
2.76384886587824,2.22853019589292,1.39820971870046,1.99902391682545,1.80516363329351,1.36442949572898,2.02250007774627,1.46500889810062,2.04515715400013,2.69243748493302,2.2297113609015,1.30804269635309,2.49554778707003,2.1590090782767,2.90882662656605,2.26818587182326,1.12112325175359,2.49810316226246,2.40554555654734,2.69990086420276,1.46427146902209,2.02980176682005,1.52610477348219,1.77200716787271,2.22990818890226,2.15047418045323,1.10032140374708,2.17921505940152,2.00923674467208,2.88185004879411,"022_S_0130"
1.99624981735617,1.29417936359292,1.29735443004218,1.58675455470598,1.12941778512639,1.18768019711365,1.47558577013729,1.31066642382283,1.47918175680767,1.51853655857862,1.54830820476354,0.888136741737433,2.03079103293723,1.38586732020469,2.29853129138414,1.20593434065813,1.14452739812084,1.60240485831298,1.85200315528905,2.41849287892779,1.04936309372183,1.64526594682736,1.33394814930457,1.17489197369027,1.4353157706115,1.51767413834717,0.955742656733382,1.81581847709813,1.42130377521658,1.72548837372768,"022_S_0219"
3.12892319036122,1.60764172238144,0.965707096358339,1.2239354766878,0.991553440860548,1.10162293950399,1.63612242944261,1.19992326924149,1.60502760342279,2.48966946246709,2.04469128751803,0.631129038570551,2.00847126195745,1.32943473638052,2.16761598126042,1.13469317741125,0.958344907526363,1.22134512976201,1.30763926573517,1.69107064584454,1.23860965591723,2.36090341124997,0.874772529755118,1.04605031503311,1.34957322319873,2.11848105059572,0.574418992213676,1.80108345581099,0.901606014229187,2.27756568188376,"022_S_0543"
2.4161642176053,1.44012198153324,1.57426613622418,1.77791376187191,1.78905817561367,0.817696189096722,1.57715230424723,1.17754221042861,2.29332382167678,2.09538281129853,1.59672995440963,1.59757402589529,2.17063137108679,1.49227622554724,2.18146742988138,1.69628912418365,1.11586267378364,1.70302641993689,1.79217082659046,2.07441147784651,1.69681432082352,1.31676193301564,1.21216409878369,1.05186251340263,1.97250558372908,1.80541305501142,1.50376434507661,2.00200706420643,1.10940717356942,2.49182778442183,"022_S_0544"
1.93301024534278,1.01341523139692,1.37485633018288,1.94034269615937,1.64933083686399,0.889190899671464,1.7544681354166,1.00725682851327,1.71716581638539,1.25904878669392,1.2411024444839,1.13413588824653,1.85038037901123,1.30437437542579,1.55472884910755,1.22850497812493,0.897182490373163,1.63557375753932,1.66206298256054,1.71674542588324,1.42818749585207,1.16265738754202,0.649359545054967,0.896430142358742,1.35212180699623,1.22306340244632,0.929074906924976,1.24684666538558,1.01503356308325,1.67851407966503,"022_S_0750"
2.77731650314616,2.11013786874817,1.44947043195038,1.91355123386011,1.84312938160008,1.73662441529743,1.45240508139648,2.15126995320225,1.97184978373349,2.1692743928226,2.2655691157651,1.15994950497554,2.43082699843652,1.61183223721284,2.75869348592354,2.20616488743949,0.985439308546774,2.45385504275668,2.03709207020772,2.59960719455868,1.76551148796761,3.07607531990818,1.9014376239399,2.10471977080096,1.8161030287873,2.17358973159664,1.18001758607387,2.90996923175249,1.92553339233387,3.43173814758688,"022_S_0924"
1.64001058254385,1.91011591760863,1.04176270168172,2.20590573356389,1.21202361344971,1.42700696161324,1.82124005515897,1.73429031058876,1.87493783571898,2.12574457069971,1.97023234591162,1.36154819595751,1.34125250135523,1.94862301473382,2.62420856967526,1.74145207867297,1.58741949870809,2.19153940149333,2.17247804036273,2.60243411361934,1.35754052870837,1.91991611523109,1.40168767482147,1.49284035736683,2.19440755394321,2.04605424706416,1.29172870086231,1.8461343808423,1.73683180700911,2.99339655754875,"022_S_0961"
2.31036748008489,1.81304310782066,1.47844307150647,1.97320473903976,1.3539940345218,1.66669366194631,1.89608073146639,1.60865990880658,2.0515721012095,2.44280109773418,2.20251709727605,1.10511873025348,2.41804475156328,2.19147330023734,2.50814807739348,1.58942219702101,1.45383496915052,1.95206969779747,2.16832278477258,2.21623633615865,1.59225480322054,2.57137998689217,1.37991461460406,1.60541126289772,1.93970148015989,2.12798982172161,1.19799474976873,2.18018446327804,1.97258867515667,2.47286223200131,"022_S_1097"
2.15086838217455,1.76795234295734,0.888224129847702,2.64345103053668,0.856421576868828,1.40202859738212,2.39311415285125,1.47581145637669,1.63007331508933,1.94358084627704,1.66140427859139,1.4160135288133,2.70206589259211,1.97644910605315,2.8042223575317,1.52719909155616,1.08520832549309,2.6630902314544,2.46926449655563,3.57137684035396,0.972255098749475,1.74202411077273,1.15494026357083,1.19289903739456,2.233612578224,1.8513781080458,1.4281863708645,2.45029402259664,2.01796982082091,2.89814569005229,"022_S_1351"
2.32645977138154,1.22493738689656,0.996134634852869,1.66742308488423,1.68367395476316,1.1504420982986,0.790677967044708,1.34713145513476,1.85537034643377,1.43948326468176,1.72995914047997,1.12123355519049,2.19930082047922,1.07434637774641,2.84700622271363,1.43103169848968,1.15111727708351,1.80587331772158,2.01242444224522,2.67215988942821,1.67979586171463,2.34617636353033,1.17787235732192,1.42345285732585,1.74228541929486,1.74344410614632,0.935418311380746,2.23232147306192,1.19998973831304,2.30920252243294,"022_S_1366"
2.87490736017023,1.87637457788274,1.02993850634027,1.78984747163514,1.75604255704069,1.35911749831449,1.3529196024707,1.8092821991851,1.52606910108872,2.36738236319319,2.28625604233476,1.2134451991813,2.43671010327876,1.4458117544454,2.99397829074753,1.55890229769566,1.41480431880075,1.93266441585994,1.73214446422106,2.84851862641192,1.88141858834228,2.67852775035549,1.89647632046306,1.89383259204914,2.0772184466786,2.36015262191252,1.35420052035977,2.67556592611768,1.68348089986245,3.06703899557868,"022_S_1394"
2.22911829072603,1.35640085722675,1.61793209021176,1.63699205172296,1.1203414498721,1.15993641346382,1.83180635777334,1.07801391104618,1.96012114810106,2.09165700008356,1.65814701143028,1.39623068545352,1.88327531739663,1.57270627499632,2.57873710855804,1.38319343733935,1.61763873028666,1.69524875655689,1.9637039625227,2.19591373362471,1.15438428450511,1.58518166979215,1.14029956366369,1.07450977446045,1.78771518784409,1.87761433238939,1.56192291876845,1.80429867066466,1.78801346872959,2.93977869577511,"032_S_0095"
2.54540489681542,1.62080371196891,1.35899585349557,1.93508681509676,1.31466518738621,1.23121402308187,2.0070703065197,1.33704976068449,1.69776649291762,1.97758937779151,1.84278608379831,1.0967507278554,2.0081827660482,1.7163134250825,2.52072834670082,1.56205372382858,1.35145491845839,2.50355856270244,2.45501860752549,2.41439468634377,1.35033985548879,1.92210523921096,1.21208427983629,1.49779990376296,1.87573680556395,1.88157420003637,1.32510307074067,2.35902553654556,1.63920096962711,2.09110965399367,"032_S_0147"
2.39255927268758,1.66380574654502,0.973008016795918,1.99505630660239,1.33584157459244,1.47157801978597,0.992038061555601,1.45765343202862,1.72304579925641,2.33133246868293,2.07773848109861,0.998192774695137,2.42304554223997,1.6034522767164,2.36869204210268,1.58847970193432,1.18532728960725,1.88446309869316,2.47980252977813,2.10858001081572,1.45458416249188,2.71003666320153,1.36622212609304,1.51944431079841,1.60994312873269,2.17191555342083,1.00246697175625,2.14783146334813,1.38619485135768,2.40830934948826,"032_S_0214"
2.12478388186919,2.19196980202894,1.10579581187864,2.28421541690527,1.22452273543743,1.22626738655555,1.78858924919909,1.34045874153828,1.80255402706643,2.05518384095356,2.01062730509929,1.56196510171825,2.19942562917486,1.87758532906049,2.73843027759764,1.87474360759285,0.823442312478983,2.13348968965725,1.56346276198432,2.45604285821556,1.19663824156765,1.77847915561048,1.14896191438037,1.26518378731534,1.93302048341029,1.95284752998176,1.35573107315994,1.70020163203435,1.7215959003199,2.61416128437746,"032_S_0400"
3.15646088718702,1.9105513748583,1.08705551337858,1.8306307337826,2.16974582710609,1.74620887256664,2.39779149971549,1.80613282560395,2.23148293534808,2.58986398296752,2.30670679492264,1.00044821323172,2.42735309266678,1.73859189105536,3.48607422361522,1.8654031472657,1.17862394858979,1.7018889702453,1.57627012823381,2.89115829925765,2.34097438799201,1.79355849057175,1.85015096527584,1.76196884708842,2.2920261390798,2.46489623518029,0.921289501952435,3.00047428881542,1.65185352002974,3.25813063791033,"032_S_0718"
3.2825865333374,1.71191958668332,1.32339201778186,1.576267942126,1.57204149053043,1.37211273241372,1.54359608338095,1.62941895869598,1.92595431028208,1.98631992180431,2.08370686612991,1.00888036480626,1.94701694619277,1.42076532202739,2.38092444717487,1.97198683268296,1.0371139149311,1.59910569453509,1.88056641950191,2.53780036725071,1.61611465443023,1.9811677280614,1.53909324753764,1.58868617295458,1.59871531735984,2.17298438142184,0.967329475352281,2.19740056750699,1.43049714874721,2.84841931884527,"032_S_0978"
2.23699866305595,1.35662510286314,0.642427643809941,1.64598265799256,1.19814245845278,1.14059347040851,2.13473152048734,1.17455758670867,1.68045329530607,1.6839077268845,1.69271115975916,1.18696080819839,1.99192819514017,1.63985486105101,2.42087706894008,1.35743647327431,0.593387942689228,1.69093054330395,1.57242775775388,3.44573131883949,1.21689440191907,2.02937373249194,0.936085460617177,1.05077865734411,1.60699529878134,1.74551716154974,1.10859321418203,2.37312352125338,1.76720105505642,2.19750499667877,"032_S_1037"
2.25808332234391,1.92588987088576,0.888856378684705,1.86996672648464,1.48826616037433,1.52298889295959,1.46841482197733,1.7042204788009,1.64975909932769,1.97196619915369,2.0822725436553,0.996653713638836,2.83759422002709,1.45015612517275,3.34245661271182,1.67615895992401,0.996627856167309,2.13176189437783,1.86181090115173,3.00793807518011,1.4554177773047,3.28493557146498,1.50765329507493,1.51052398521214,1.91637720612666,2.05574919837746,1.10633439040252,3.13900605175155,1.58595761588766,2.76441169803494,"041_S_0125"
2.79138845498883,1.86617921579989,1.32387025955547,2.59422030553627,1.4031259697527,1.37601407821128,1.91386161931563,1.61454689660695,1.77842305792966,2.41905826441823,2.00097042236231,1.38313750175557,2.50924419552307,2.02678409899233,2.24114565247498,1.79389418357408,1.23084450630568,2.49896782412418,1.51311064597217,3.03813853092016,1.53942415064136,1.86551603092206,1.41686029172729,1.53170452189383,1.74461854127058,2.04192467475613,1.456937029143,2.39786316915451,1.96401458432851,2.21636190155169,"041_S_0262"
2.8581623803713,1.79771946255541,1.08706706695508,1.85963642073296,1.82899159421936,1.5112716795248,1.4385462408712,1.77078867507132,1.89326915464624,2.33880633221028,2.18054386662659,1.30403894093873,2.16263913387904,1.79865021276588,2.23720924244722,1.89397981998567,1.01973016137708,2.23393239223926,2.0468802474662,3.08443816321069,1.57910370883465,2.04829761192664,1.4636265163787,1.70758144162212,1.99922231834136,2.39071520854827,1.40044215303969,2.30498483352079,1.7924756601613,2.41746513848385,"041_S_0282"
2.7671343960137,1.4752880573585,1.26993976302874,1.92250822254376,1.74860796246624,1.0621776863118,1.90029734142723,1.28747517878913,2.48203713637069,2.13765423478743,1.68879039675714,1.19535863749166,2.14126405211536,1.71851780455801,2.26341496338303,1.27983340828311,1.40950929677902,1.63035361079635,1.72550143200448,2.89250530495316,1.52344450425613,1.90618667346912,0.96613162008797,1.05184928726784,2.30489642999989,1.83234301781057,1.02907704180756,1.92886206121899,1.50294391501782,2.17149925734406,"041_S_0314"
3.14516598719114,1.6966891313242,1.06342357110393,1.3426617736381,1.66312716729144,1.30713260525234,1.48459848189593,1.34883176108238,1.68066142047934,1.53592148594689,1.91473401835316,0.785876967108396,1.5630413539129,1.26061664610591,2.21965132039574,1.72543890379777,0.959794187110452,1.43788653993361,1.43998064193349,1.91330714003518,1.56073826273158,1.97436475533654,1.16530790940572,1.29931210104333,1.61101168826146,1.91861937880813,0.726157987580044,1.48515744416612,1.10642096263708,2.13815197527013,"041_S_0407"
1.81262459671149,1.98117777914654,1.0680901874321,2.00013297552576,1.40312310945945,1.39664368708431,1.48893785354768,1.57041887565481,1.98340461326212,2.35563041898268,2.10995541559617,1.26932962591999,2.08698209710229,1.95110308100714,2.40926454068084,2.05194417455255,1.04703616363982,2.22726859495559,2.24828611685647,2.63033780946428,1.37876878947945,2.19248240909055,1.19175475568798,1.61850285195094,1.93757754952625,2.23095328834548,1.35457420505967,2.06771684652921,1.91186867197541,2.66992536455151,"041_S_0446"
2.21847774916962,1.45116155113402,1.15362535680468,1.72133268236013,1.55085014173141,1.26031506119113,1.53210559905083,1.25968186453015,2.21275265647297,1.9215201903442,1.83848479394271,1.38889766262387,2.03411247342653,1.60393870281318,2.29872661118472,1.34109834656354,1.09735464816063,1.7824953262851,1.50967798996176,2.27468853560409,1.49486190397094,1.42485294014343,1.10647316008043,1.11779306637764,2.19630216129459,1.81688499857126,1.22691221007599,1.79346507434829,1.31111671908803,2.43143863846477,"041_S_0549"
2.80430548922542,2.18357309824063,1.48371927024934,2.44949894273878,1.73632577992993,1.75169069940506,2.26887143786199,1.89679441735942,2.22613457393771,2.41521129721881,2.41874632608266,1.65879176068929,2.39437202530548,2.13975781274982,3.06296209960578,2.3392909238835,1.24886720217552,2.88344804914739,2.58798116803408,3.13097158103975,1.844858815791,2.23391596756488,1.88020995461453,1.92474054099014,1.9571263645136,2.4704337646055,1.47845073436715,2.55760997485884,2.06959417035492,3.02539654162163,"041_S_0598"
2.55006755141057,1.6972580551293,1.08150556553367,1.51648892585878,1.5654875099419,1.14810057559846,1.52368338084815,1.40242095028089,1.60423786975601,2.47776870115711,2.10827856843588,0.961203646786205,1.94462509264818,1.32001626418617,2.41308963193288,1.67762820348821,1.05340510967238,1.46161370554578,1.56068764446408,2.02309902358828,1.60954801192376,2.17524434222107,1.3404719835209,1.49714636755082,1.33884751655513,2.14342265926969,0.83855496019998,2.32010016125116,1.22522218452541,2.38718881235303,"041_S_0679"
2.74950383918445,1.2869042328233,0.994863911035561,1.56527417139637,1.07418964267019,1.11003363881518,1.85914560683181,1.11931620369921,1.70735014851002,1.80930023049336,1.57003066802133,0.944460923619416,1.63386566782633,1.50865875765781,2.49526702504243,1.58668788206065,0.874181584826581,1.40460074019592,1.71492248862349,2.14021893794518,1.17938658316435,1.51166326851581,0.946105835420923,1.0663246599824,1.65347721775016,1.73388216168381,1.04545420111162,1.82428542076156,1.35427545839052,2.47850861983414,"041_S_0721"
2.66681796065933,1.43447638852178,1.31987384646093,1.93263455591364,1.44990039874093,1.09948472834957,2.12493494462011,1.20224245956939,2.64815519621533,1.77252756160896,1.8567122132196,1.17582262899271,1.87444944235776,1.54860620358526,2.92708694161065,1.47493505980226,1.39081808937993,2.00586677803195,2.11057583172117,2.49770663005062,1.44981125431487,1.36363146929723,1.14336745316672,1.16540807676513,2.00422736068932,2.06934976882488,1.26780948278262,1.93293323031824,1.53798382789136,2.98609786477685,"041_S_0898"
2.37955937708,1.44775753870154,0.862063904577113,1.76782464065396,1.40035419689348,1.04241145876584,1.5771544829772,1.36353339437549,1.78208747391027,2.01988843643742,1.84491331738239,1.06722372696407,1.92081950073996,1.58819872719331,2.22410381224163,1.55040710064411,1.0852710216986,1.97001508338416,2.17885844801971,2.90373319871287,1.55949762379205,2.14209793669771,1.06378752174565,1.34733054335552,1.71962256953039,1.84092811063664,1.19992510876001,2.20421826499069,1.40834485877372,2.14385714007994,"041_S_1002"
1.97685485602861,1.36013787034899,1.44128810582739,1.93786058602196,1.43751343778498,1.05193677101051,1.65151017108086,1.09326670974485,1.91897006929696,1.84708921112932,1.69486784126489,1.24366494911558,2.09542983364615,1.56024948090902,2.43063592654244,1.29387323889605,1.13018065099823,1.88495809119222,2.04688590441513,2.56449078675869,1.54461119619698,1.72189577425606,1.00682178392342,1.13009092259724,2.09282223867025,1.73399345349528,1.15735695552562,1.9674659331693,1.63386204853254,2.43450743624187,"041_S_1010"
2.59956828864536,1.4243414475876,0.866551808512002,1.35182329374773,1.05146424454873,1.04290289835384,1.80158975473882,1.13663238279854,1.50258329895488,1.89371235947433,1.71966380881179,0.958535180602866,1.42743489136402,1.52223339661958,2.00703322635416,1.36281381949393,1.113227890633,1.35339884735519,1.76590555805486,1.87348836680893,1.07371780508225,1.69861286446387,0.983855568955874,1.14339024353879,1.6789237406068,1.85078621419821,0.931921013943594,1.53080812416386,1.54158352002064,2.1137273960079,"041_S_1260"
1.83246663927399,1.24324936519969,0.931159371599426,1.58518057879716,0.651962142608467,0.924760982287072,1.28912028850199,0.96077575253285,1.53448540799355,1.79382030142294,1.2471455499141,0.86302884404679,1.43263884136386,1.18122186063513,2.21171130446481,1.07516325651101,0.742572542601823,1.44908540564233,1.53432266220047,1.7853263379965,0.652115441893142,1.13147350281837,0.793996528465751,0.872684475926716,1.36267669130318,1.27976761284722,0.869174209798658,1.31582468475819,1.09792930506235,1.89280066104519,"041_S_1368"
2.32774172244918,1.96292141113717,1.20771050188013,1.8326383967096,1.21228054862148,1.25918233357235,1.88862758512195,1.3592044196196,1.68730467379763,2.0603399453401,1.87995664767831,1.21874176576226,2.06723438081944,1.65433600251924,2.40094132990839,1.56767269446926,0.984117456968398,1.75733078416622,1.98815343945711,2.53442980661129,1.37083564133352,1.54716103276799,1.00154315546093,1.24492087461634,1.82837186642888,2.05419293071287,1.11810375184154,1.91391407626242,1.37686456149968,2.47620688343529,"041_S_1391"
2.95587703466251,2.20712719617505,1.34043609698368,2.207130141131,1.5537011881825,1.69553226585868,2.51746561827217,1.69087652437594,2.39739356281058,2.76750417375994,2.31551931617755,1.81741851836476,2.49023806312638,2.02389199671251,2.76955656138922,2.11344557690958,1.31058566317248,2.11263665616094,2.25728182858857,3.02174507286167,1.73185937476946,2.27769023763009,1.61248720983899,1.64042206706579,2.0939621018798,2.6031813563639,1.55206983418509,2.46645619895546,2.06966261516346,2.82479592119015,"041_S_1411"
2.4897922395988,1.99834572143828,1.8140838369764,2.36123722318886,2.09392288174851,1.80291553842312,2.09689090454903,1.94131656970037,2.36108521805019,2.40191815882268,2.15465116604476,1.5111930484814,2.46031928950895,1.77831107998335,3.17035254127668,2.07289002554184,1.17326798416835,2.48926615844458,2.41752473114098,3.12705531284829,2.02071767282317,2.84820430063498,1.74580867256804,1.97605517117562,1.95227096790775,2.27137545511138,1.46893710384973,2.53086610663754,1.77014712614265,3.39142581426701,"041_S_1412"
2.44532572464607,1.3486784288839,0.716755577118517,1.47172617887074,0.946344470366629,1.04643970477752,1.79199440784412,0.981319911699998,1.46726875704671,1.91218539785054,1.60947086369109,0.964519064776645,1.59952765161144,1.36713742113897,2.26341152067163,1.51503900992913,0.751749316894666,1.450383007112,1.36531210671924,1.8528484087745,0.916202875470176,1.39672844856082,0.901170594022088,0.939576331535009,1.46018986704088,1.69623482028754,0.898056925044229,1.71104539689383,1.13787213466807,2.36573877202154,"041_S_1418"
2.12026302469199,1.46827738286834,1.10802461356113,1.66678397279431,1.59862481348464,1.07876569391639,1.83306599180675,1.36757583107328,1.84886904973102,1.68637994220706,1.62877064863518,1.16380911013604,2.00833580672218,1.41491327405113,1.79188724038948,1.33821537404828,0.911577356677622,1.75424331416636,2.00994567382947,2.56912200992415,1.57798767400086,1.98442827103088,1.13552311614285,1.27833829804884,1.88796808294598,1.71388433533323,1.1295855441524,2.18207136825438,1.42846539178312,2.16671192556235,"041_S_1420"
2.18311292530664,1.58036968331337,1.25562820352345,1.77776140254616,1.17705518735216,1.43689152123622,1.78992017039683,1.29183938096566,1.67076288852085,2.15520739449492,1.72466229406474,1.24165827977238,2.05111775440267,1.76706923861726,2.82364024772039,1.46807199358656,1.07513226228075,1.85508224044436,1.83461280989522,2.47017400283317,1.11807449655831,1.7134014243545,1.1682847784842,1.18715098123316,1.7833981586774,1.85669385128204,1.18564990283734,2.00290716783382,1.77699161153071,3.04176419314534,"041_S_1423"
3.01954692918073,1.39774690335981,1.17210432140027,2.04247600858559,1.2351248232577,1.1127169098927,1.98749645842624,1.10186647456441,2.12850237770375,2.14991698808256,1.94391261044386,1.34195106682265,1.93866882416757,1.64028745129862,3.09535527828466,1.48258423726802,1.22973023963427,1.90526183308483,1.94060998724992,2.65937416512448,1.15625930446719,1.89910840046424,1.20286850179308,1.16603976406977,2.11506569048365,1.88089714612201,1.2477655381711,1.86285901416645,1.5976699267215,3.07578614018524,"041_S_1425"
1.96486808898148,1.99698118557008,2.03713510789418,2.76313732415534,2.08902718127436,1.90651986300773,2.37528112267019,2.01673707198297,2.38196886140252,2.31420102612344,2.24988643801446,1.7153415607213,3.14508324746467,2.2691977604944,3.01372663319327,2.01743400729755,1.87156034578137,2.41927551884181,2.52387667210435,2.50026687638469,1.95285773797123,2.43963871216345,1.78697460125507,1.9841555738661,2.15832873790304,2.3381104223663,1.74366406449609,2.71568514664242,2.15714085256833,2.52819320181307,"041_S_1435"
2.62946703047121,1.76459853784634,1.15205726002204,1.93737810741408,1.17222143463117,1.04898478358263,1.85296539365521,1.18522018985747,1.95738329943433,2.49339466901193,1.99680822000787,1.31943761348057,1.93344994174987,1.57820810152929,2.471810547013,1.74146302009694,0.91679676821628,1.52073822809857,1.35903210488148,1.99251223034591,1.18647545010229,1.55952433343969,0.981249786122341,1.18057349576068,1.66540281473654,1.93338631669274,1.01682003175148,1.54183082950401,1.54230319867107,2.22589889556285,"067_S_0019"
2.39277443701071,1.70011059086142,1.03436038098136,2.29479965642123,1.32785550858482,1.36546570369427,2.04098777775737,1.34699588115472,2.12400076223577,2.03988687673699,1.86387821355119,1.34407030674365,2.04121594270715,1.84977867631572,2.52939836071519,1.52050605189323,0.868088390208789,2.06631733831713,1.73819197535065,2.45326421922748,1.23196565819131,1.44601876974946,1.17463126257814,1.26827917550748,1.86568189681424,1.98926469654967,1.32418333425238,2.15188170923852,1.77400263026744,2.55653607008712,"067_S_0020"
2.55239823412117,1.70084929582222,0.812008750974533,1.35456543952732,1.30573670453344,1.23453396068003,1.96055661537787,1.45740962772284,1.42335280548874,2.21058402431263,2.07993385970464,0.975379424223629,2.09666708258969,1.70870016407863,2.85401079089732,1.72924491365321,0.962057697882134,1.7748369154409,1.5838523821387,2.57926790432174,1.58720302532531,1.83335753429764,1.3031421699823,1.4135292866917,1.72358039705082,2.29248741673699,1.17412245650774,2.05961112866203,1.64341164015528,3.0580325385036,"067_S_0024"
2.59801124971072,1.71940293258727,1.19590753174479,1.9469846148308,1.4514332357049,1.29029001972079,1.53814446278877,1.60033285837861,1.956971166548,1.85252021563408,1.9832211491606,1.1494703393977,2.50608896695167,1.67447206749879,2.43600557669035,1.72228964141737,1.13055470755113,2.08279140748953,1.81412897603807,2.82210342273648,1.41058278720093,2.16739534266694,1.23302245197253,1.49001700744525,1.94862577751362,2.08992548416584,1.19001403555968,2.51233176221104,1.41412129652156,2.65887575774344,"067_S_0029"
1.90765240627612,1.20453928441291,1.10117410268721,1.63937283699432,1.16196867230461,0.903541865154209,1.44260053277122,1.03588261873668,1.93004656337016,1.85998304722168,1.6616130718547,1.00887084669998,1.75449039027326,1.46326680667145,1.94220195101619,1.21025501911833,0.997048520518438,2.10778777408017,1.58191058430019,2.47420209841939,1.0846294575574,1.71189200608137,1.19670144819834,0.939839574144001,1.6935785749533,1.6049705379039,1.00068968540226,1.9608944371629,1.46495248476447,1.98227178430338,"067_S_0038"
2.65063445736783,1.86369710487233,1.33602022760067,2.77840810651988,1.25147634110412,1.57947724094134,1.92325045079985,1.4908840066749,1.99764062244866,2.47193771974239,2.12283495941443,1.67096959112012,2.59524617260716,2.1781384125241,2.42915498696733,1.7414120620228,1.13749292175376,2.71140654651551,2.15677747880438,2.56688322524909,1.26991093806346,1.82372576568696,1.40869798772907,1.55688183621355,2.16732126177614,2.21813767956475,1.73178844588272,2.61594323361912,2.07894233126311,2.62889371965552,"067_S_0045"
2.16241312584765,1.6328971749285,1.1077820502907,2.19738669786566,1.67741716667622,1.29962021718517,1.75091797357868,1.48386335336492,1.82328691906556,1.91879428425347,1.9032902011389,1.43612883045102,2.22160606724953,1.9887063373286,2.36556039791788,1.43385935967561,1.21891396370288,2.47489033125385,1.64236043613924,3.65041542725405,1.64511397634983,2.41082851858441,1.56434611497673,1.59145190883807,1.77372583548527,1.96550740716362,1.48883462045002,2.55689119668701,2.19481406753846,2.56045519407205,"067_S_0056"
2.95465066914629,1.79162801408807,1.0280222741799,1.96508614225328,1.18796924951897,1.12587067390331,1.81157380343392,1.40549346543414,1.44894623342125,2.23836000115654,1.82581576568876,1.0100291442094,1.80110444364509,1.77744677256404,2.2854348790563,1.74900623371725,0.827691872308735,1.7727977982512,1.6788102865794,2.29431502803698,1.3051298314253,1.67303649511191,1.08364680345515,1.2683947091384,1.58576544229038,1.82363361902877,1.11325504818309,1.59456576532158,1.44611391105872,2.05391573126979,"067_S_0059"
2.35574303444443,2.11753154375559,1.17453568201767,1.32045014923661,1.9494000900586,1.40461459156897,1.41659149083943,1.51942998003259,1.82977181453021,2.13489834312271,2.18499803095668,0.889819273590385,1.70189184168676,1.16840828048464,2.75621123587919,2.24718355954828,1.01516796138936,1.32166240709412,1.88881286665358,1.82874244462364,1.82624893153345,2.64718238432329,1.15706576625749,1.45092418177108,1.52478936086291,2.20587862845474,0.8604062189651,1.25189896463941,0.996692314113561,1.9933958844888,"067_S_0076"
1.55231957192936,1.61974230297779,1.2992352159306,1.46851344059913,1.39135608606514,1.23708907200349,1.15234200066942,1.29947522471847,1.74171264004108,1.84415308591316,1.77230340386177,0.966509606770539,1.63194768846347,1.25502646611277,1.67996721876182,1.33532525329378,1.18225117458984,1.59643118115436,1.39828893662683,1.88308350298678,1.5138819011193,2.02412967498807,1.2304057563813,1.31384537140552,1.83343708835592,1.9181206588566,0.989446974738633,1.87390666363908,1.21073109655229,2.78186800789313,"067_S_0077"
1.97734557609638,1.35389433923043,0.790086125363321,1.49690230962171,1.23111442953646,0.991037819419405,1.62483242470099,1.15206185807898,1.60304026593124,1.7470581854296,1.64729922063846,0.943310197440679,1.61497514482972,1.39919304281199,2.03024289648538,1.33081308920016,0.715597947321547,1.61546802047593,1.72313164164228,2.38689790434746,1.23301370989973,1.44571916516371,0.920176157138761,1.06595212673125,1.37090987000549,1.68216642891241,1.01146061374873,1.65803507101343,1.3520665393288,1.89206471995382,"067_S_0098"
2.53875825290911,1.69168287864074,1.00568441231034,1.74641003988631,1.45059014752002,1.44848949549165,1.80081198604786,1.66697875926307,1.80260499582758,2.31032711017803,2.19529735993016,0.958534056761516,2.52671905420758,1.66495542376769,2.92279201127762,1.5550178252261,0.735091192154306,1.73499492291288,1.85621477262016,2.71929056496318,1.38793860962944,2.15805252110333,1.50478062528823,1.67295057237319,1.88226369462139,2.16633802816479,0.942036539947884,2.74727045359734,1.70250261265802,2.63461807855819,"067_S_0110"
2.39487121950585,1.35965612574478,0.916510087150156,1.55878994395739,1.0160473437794,1.01833551107344,2.13289366214086,0.995171693497248,1.81056552742913,2.24124839221708,1.78495781214669,1.01379049435958,1.88636124631469,1.62661286470865,2.48888606868165,1.38715997121202,0.726796628213103,1.98194162103146,1.65905029777165,2.37453607783227,1.06604142881797,1.31256254422244,1.1055375264612,0.951432577005409,1.6534743658414,1.91610685670815,0.955803296398849,1.80944698663516,1.85974280377778,2.40429582793521,"067_S_0176"
1.83015961783837,1.27522162610438,0.840846996300596,2.02608985857485,1.11565103110574,1.12245553570726,1.65184061790581,1.14891418631364,1.52960387252178,1.56907735525288,1.48049236725174,1.04870819582156,1.7874777296663,1.55249024111018,2.56352505113603,1.25220928727252,0.981478839124123,1.77453094758563,2.06190239755496,2.3790818018769,0.977554455024694,1.42567331470662,0.882973984235189,1.15201432714475,1.47670889846422,1.46252750785656,0.987475787237564,1.68813722371204,1.31758175244346,2.44759965142042,"067_S_0177"
2.63557533531054,1.66276933906306,1.07401525543801,1.70904708894252,1.49419106297908,1.30967198894727,0.862254704112886,1.38378252543013,1.73719882234724,1.77723122302539,1.82671289163247,0.95588476269242,2.1022534064075,1.56578406106321,2.52853780184804,1.60279435609215,0.852646853538078,1.64151988653014,1.71915775229877,2.69453391848239,1.69333804197373,1.86464519296887,1.12194418543367,1.31705683950686,1.91631407008979,1.8441360843255,0.901919592343762,1.96543597005296,1.42433076562251,2.39741706029569,"067_S_0243"
2.22028057431072,1.47310468759766,1.29579659008955,1.61846153643752,1.30732576964608,1.05776442835085,1.6136995352857,1.23834856769794,1.67565212710504,1.81285890573672,1.91692217541962,1.34559765079986,1.74693188460674,1.62845391505128,2.12172599651046,1.7080626867168,1.07213023215434,1.71944959175415,2.0882637047079,2.44265919928469,1.27853807696533,2.12240019557194,1.05047074861727,1.25165203207749,1.71301490265747,1.96466830982789,1.19542710810565,2.05237365319578,1.6126382987928,2.23711898769256,"067_S_0257"
2.34633652716942,2.20178517488569,1.95096805623066,1.92639059258156,2.64825955502289,2.15390251303973,1.67415813584247,2.27507583778085,2.31445336856489,2.29215111077685,2.22118534466663,1.74171028723019,2.38620950262591,2.04269271378959,3.05299185503184,2.17291465707368,1.87004468838562,2.01619032242347,2.4447779617647,2.88687798438719,2.38906776392653,3.01575502278122,2.06796518576302,2.15965130382091,2.17327547901978,2.33992688842001,1.60734907033021,2.38963936359685,2.06365330393653,3.21253862983643,"067_S_0284"
2.30040306440246,1.87893608021554,1.22600491190718,1.88921415674545,1.61111217107241,1.35146992065468,1.08239281484111,1.41076694507002,1.48323574688644,2.10017487710814,2.04779585600974,1.0528825561277,2.21376270535297,1.47561786245816,2.13583026966686,1.73296673498367,0.96431592845514,2.02569962010367,2.13917945287392,3.21211009572078,1.70011820472978,1.90829679302485,1.19578375581873,1.26107898158437,1.660104057729,1.97516725890608,0.90858448817736,1.92302427855546,1.4799074565361,2.00666263911676,"067_S_0290"
2.41141321321699,2.1277706364194,1.80771428680864,2.25806063367447,1.77577461932872,1.72690144807639,2.11821103505028,1.95091748901925,2.25632056019798,2.71272395919757,2.32645996305731,1.47630190986539,2.50037383357393,2.18793088512785,2.66761093733841,1.91421502799365,1.52804404961557,2.28976868806172,2.34556299598598,3.15151694421509,1.72010873430569,2.39425779177415,1.5883080619822,1.94927985152195,2.15469344517358,2.53174753796227,1.34419635296546,2.25650986385916,2.03172677619147,2.89454658745987,"067_S_0336"
2.32254477937954,1.40279190705306,1.14348470765818,1.33750850023573,1.6146245088978,1.21941543019716,1.29333115275487,1.27530864675622,1.59149462605158,1.52259660022417,1.67715613388126,0.813049074974129,1.48741629396934,1.04245289852102,1.96084135578647,1.45899614521324,1.31228221390327,1.21537632931344,1.38434760021766,1.81059976027397,1.4295375917304,1.82391460220146,1.15154371401146,1.2601499540854,1.56426188694365,1.53404798084461,0.788416966477471,1.60185295717295,0.944497086348088,1.72305198430819,"067_S_0607"
2.45686701354928,1.88311449800329,1.59601118612245,1.99284783067972,1.48984833242611,1.45361588810746,2.24463624633466,1.48266909578603,2.09019687413993,2.16634720724484,2.07615681616484,1.46355684444089,2.23183448788038,2.02447408699055,2.69785088936639,1.75521305020971,1.17451772573495,2.29077805977825,2.00556836850378,2.82040267677808,0.972070109382173,1.80343906919505,1.34043291247941,1.46751800156903,1.87896926811722,1.99836899633872,1.42929151971064,2.13164370928807,1.93491220401834,2.62540625942178,"067_S_0812"
3.17335332914219,1.41636578951924,0.472363913867266,1.25629255749254,0.906037114506265,1.02300682690605,2.06391383972377,1.12830213615684,1.63209800127047,2.30820446906068,1.89642096777743,0.803777149709756,1.96115186024411,1.70093724693992,2.84350722066862,1.48949054527995,0.522666000059173,1.36728757748636,1.11162124585677,2.43756046134946,1.00671802584368,1.92055987130092,1.01470072522571,1.1120575483468,1.72603171489199,2.10465547743067,0.912936404458886,2.01601448894618,1.67861658154923,2.81390106688132,"067_S_0828"
2.02290288672036,1.95885537162967,1.61420009684495,2.4261079667424,1.45617505916963,1.66389221782625,2.15165803187865,1.76908455504047,2.03078874026375,2.26081115648929,2.2240369923151,1.65698920416769,2.37938977089102,2.14347010985107,2.95076656127277,1.65905406595743,1.58239381983302,2.29465161831229,2.55864925274204,2.58846008113353,1.3847478145502,1.79633045423661,1.65372128302698,1.8075426298532,1.83521203779139,2.1250831811844,1.57486615457477,2.3966530747206,1.88328099334306,2.85928833068404,"067_S_1185"
2.55271868783572,1.94445288385976,1.38446791178085,1.55687521464206,1.34058360856445,1.53578805156679,2.00028658523736,1.60388867282112,1.91954401091385,2.43244621495975,2.08728429915188,1.76558025436959,1.74782935309924,1.80452315343072,2.00573885006155,1.89611426531906,1.02118765316419,2.06375013898047,2.05656174092527,2.59779862482967,1.77344024790179,1.73676678010057,1.4971711292912,1.63003188001331,2.31563076735414,2.37584563428552,1.67185705268581,2.37163691141881,1.88184951002004,2.22023472043789,"067_S_1253"
2.53502212698017,2.30980024682692,1.03434390315917,2.00064591273135,1.57158057663083,1.6574404880267,1.55757115638182,1.51499579056165,2.10592764469926,2.20208189960492,2.20327393787121,1.20733704999894,2.0613815383554,2.08881769403337,1.91920007741899,2.01158431281342,0.77829475380597,2.36578984889705,1.94551203782025,3.20647734406087,1.61635303899139,1.95266418979965,1.3922361420944,1.42773392572175,2.07871307250548,2.42992412007355,1.17553161112936,2.05393237697108,1.98685902165005,2.20602838403215,"068_S_0109"
2.35286944748214,1.83807511675363,0.935108846982786,2.03511346070666,1.26188179457036,1.3077397160743,1.65465380245776,1.45039545132622,1.71518979902333,2.22074827938076,2.14518798549869,1.40484152811317,1.88016646861034,2.05502602255882,2.4790716573197,1.75729185156774,0.948815140383951,2.11243753023398,1.7498804264923,2.47875237708852,1.022399316588,1.87567794490458,1.37195289287418,1.39559178439717,1.92777160819021,2.23006679871505,1.32512030460392,2.11474330922306,1.92658955629786,2.22028255454987,"068_S_0127"
1.82185087786031,1.90227828907546,1.29663539383798,2.02852697393743,1.65104938696509,1.92109162110533,1.66106588809666,2.09652840680504,2.10942621624351,2.60098311086143,2.15617260910611,1.28746000341319,2.69396076497041,2.03965784170376,2.76897324686077,1.91481858276399,0.990895522126214,2.31596543738549,2.17167308004744,2.80923448159092,1.52279256966573,2.32559723602064,1.95407981990305,2.21026718950712,2.1554864756123,2.20146559822917,1.34053589623198,2.49054981063242,2.11971547088028,2.32446216191905,"068_S_0210"
2.56985020021949,1.46089154491362,0.962491434298978,1.64942506117696,1.12356698862024,0.946632960948913,2.1755092813344,1.09065861313361,2.36565821552064,2.3950217121521,1.75539946407011,1.19142309973753,1.65320464909252,1.59514348551739,2.49913560835991,1.39871323462656,0.879177237362269,1.68030396599894,1.93955301385247,2.36491315458977,1.18290857337851,1.43196563129884,0.849345430082332,1.0880104401969,2.13560001001094,2.06495327664382,1.02636651253187,1.67159419279316,1.39588164708681,2.57507503241044,"068_S_0401"
2.25489585492996,1.61520794900991,0.704326417477503,1.71218258509804,0.936915184787432,1.19506153146263,1.86637020440982,1.51371101384388,1.90388068564914,1.74836168033208,1.98294096818024,1.04389002446353,2.19442715770032,1.72166626515292,2.26362581357573,1.55826876828467,0.739582855130826,1.75831125667747,1.80133835660259,2.63003673887615,1.01688282744527,1.54344620517969,1.10109920430378,1.34716971881786,1.78921870143124,2.04506260183482,1.11280930769693,2.24047144142301,1.55474992450836,2.61763646041676,"068_S_0442"
2.78796708850797,1.60500287290185,1.11336133159398,1.66842083273983,1.62318176708791,1.41371325732774,1.62597841707683,1.6194346316131,1.4441566837578,2.2416995481243,1.92476240013494,0.798191946959301,2.42631275780034,1.37949488325501,3.48710475658798,1.37340026909206,1.03506064685565,1.51582923641641,1.31393999711355,1.80982946535701,1.36770711568697,2.98376343372106,1.25255674698726,1.57932517793409,1.43619921802208,1.93664708985886,0.711142295719271,2.12032712161925,1.28121117323249,3.35417653120913,"068_S_0473"
2.09596495117011,1.54641719437053,0.980249761976972,2.18320009743497,0.873779167519289,1.21229550494255,2.08924048334331,1.27184377811609,1.80632370602353,2.2837697755529,1.94854443434722,1.59356526815144,2.00395927120019,1.8309744999761,2.6874887819649,1.85803104296872,0.843119951263209,2.34010678716179,2.50681938469026,2.86809642904822,1.08460315456791,1.88130514769872,1.30245152844438,1.32184884820261,1.72258043004482,1.95194997385219,1.53843038266042,2.02926122723293,1.84077500292636,2.80352483715379,"068_S_0478"
2.42759306125398,1.69910798950128,1.47765022494818,2.27638036257573,1.18400613911634,1.21961638608946,1.82126155357928,1.31553916092203,2.13199964037433,2.63128221505422,2.1006438442206,1.44135732808341,2.47243805845356,2.21297851976382,2.53831383531429,1.91746591637066,1.14856053187612,2.29161945152224,2.45096651256551,2.70750095958759,1.35134894522835,1.99881886072255,1.209888935449,1.4018092425394,2.08530172138193,2.11426041679199,1.55203005512749,2.26390569987021,2.10998703701778,2.56806533896194,"068_S_0802"
2.26860832950044,1.72764800765544,1.96192141606446,2.32550670955166,1.61810360859056,1.4787410188674,1.72560871365545,1.65697760206894,2.34692787953586,1.97337811271647,1.87768103778442,1.68117650562761,2.42279778539568,1.85297752679517,2.33235092114939,1.61697523161646,1.75260623019711,1.47801861500803,1.68953715314599,1.99164841000799,1.76857829099613,1.60898498770687,1.26102433423937,1.3681933666075,1.7841785565904,2.07827651120335,1.42511870493534,1.93407994454221,1.33839385214328,2.33794067644614,"068_S_0872"
3.25662175341196,2.14420399561794,1.84542791139213,1.4672484993476,2.23817296539905,1.80888479973322,2.77233126574374,2.00961976967291,1.99014132668283,1.84975315636601,2.15137736411161,1.30647773209791,2.25407833708682,1.57783908825846,3.40124415949045,2.20440524293674,1.83679182117009,1.64145590218822,1.59593992042714,2.52280789757354,2.09099263385084,1.51713632010971,1.65598705355646,1.84061069377781,1.9699698489942,2.21395568428793,1.2399023729852,2.11048831352927,1.40753879897196,2.79328746114192,"100_S_0006"
2.52108788188629,1.7147194191082,0.867888612749118,2.19422345272684,1.44606458557387,1.45344990902014,1.83412752179688,1.41771298385509,1.80341929462979,2.14439407183872,1.93024058188169,1.30288700244032,2.09160040021649,2.05744432516288,2.55435520596927,1.6371510088923,0.809848048770332,2.52509244966737,2.13982932704087,2.61533420388932,1.36319051111464,1.72366897864207,1.45987959513998,1.4154463215426,1.91351353124142,1.98271109786326,1.62278706732933,1.99567352867891,1.92811110048811,2.55042709875956,"100_S_0035"
2.32220013642924,1.8332014659343,1.0826161662846,2.42243994983787,0.862979552977025,1.32338819043107,2.01267099022513,1.42326901669496,1.92301043920883,2.21626772508217,2.1762323889545,1.55074667787354,2.22446197913998,2.22452539064816,3.05271695199932,2.05956548084017,1.10334500649575,2.06211822173531,2.18293751205515,2.58346156608286,1.13863895651541,2.18447977040413,1.01822331512377,1.52772251104164,2.15123643176847,2.20711823185032,1.46854483398265,2.08962482486045,1.90037019961167,3.0877216054362,"100_S_0047"
1.72877105389629,1.58318452835162,1.17836378141981,2.216253955927,1.52061877450843,1.45023107140956,1.98097687446547,1.34228647054786,2.46827937151811,1.88028270660656,1.72365506017021,1.45659460484985,2.37499545377299,2.00890222500874,1.69684510294755,1.58431314895829,1.20654824924879,2.28546219469508,1.97493920183969,2.72199019155408,1.32390823356345,2.10557446235493,1.60525019271408,1.47440898064137,2.01696280915964,1.95475639477124,1.35026472587939,2.24970775135326,2.10926538610142,2.12784816822517,"100_S_0069"
1.23411155929898,1.19432476940972,1.59955483324341,1.23455458669472,1.65557493594966,1.23620651344153,0.860859189449797,1.56021443677617,1.39501370110047,1.86726946725617,1.70351858072917,0.796273332662957,2.11433467668579,1.05625323693883,2.62311955625004,1.39950142868696,1.42225518032983,1.02471099874261,1.22249097305622,1.52054987880665,1.62045052767488,1.25822983894038,0.908740214680139,1.15168858575874,1.25962888997101,1.44012600093072,0.67432203237601,1.38247923061041,0.869772122410651,1.42721108393842,"100_S_0296"
1.75754910396493,1.12508345800542,0.875613492494563,1.19075831310989,1.39890483078067,1.15595670796208,1.7948121037625,1.30813569220209,1.89073427062284,1.61399897713996,1.71940041143294,0.697818361675562,1.430754738349,1.12173642802271,2.2734884158968,1.05591314059076,1.01979758567026,1.39772266624655,1.83024519848117,1.4048425142092,1.53625532677582,1.36037157321221,1.11935838210298,1.0526795866606,1.70350276555468,1.67678626180239,0.79864763813051,1.34842251238058,1.0682423804425,2.08162500355832,"100_S_0743"
2.42470621102041,1.61876851917704,0.988708868699904,1.65091953060559,1.06806508042847,1.26611816945585,1.8498958046011,0.970254099571219,1.5619715585033,2.15809656782519,1.74549729555557,1.03426385443928,1.86323916078484,1.68201182438865,2.73582259542457,1.52828403650254,0.697515188371285,1.58173993099524,1.76487753925549,2.49809210359058,0.95835320424017,1.45836541732354,1.11131269906008,0.951617399757523,1.29274562574253,1.90813028389118,0.938169072046162,1.97216990542283,1.68529544955203,2.53960999838674,"100_S_0747"
2.46600160276726,1.54424991901875,1.08109310534849,1.44413857364381,1.07403644084421,1.1671996555213,1.60970014698771,1.22901091445088,1.93200328544929,2.05617856609556,1.79996945013501,0.694062635515792,1.87122744623065,1.51540105249846,1.77475103912306,1.46553910751656,0.937762233761392,1.46374652961535,1.67337233453113,2.12960223038045,1.20470836235995,2.11741573546287,1.31946833835169,1.27350870013279,1.78121145410274,1.91571948385472,0.770645123735369,1.80391914000973,1.39743161156063,1.89308365966838,"100_S_0892"
2.63225760296877,1.57527347742492,0.870085865961434,1.74727441352385,1.35945073247301,1.35426713605681,1.82976598261383,1.32899301886146,1.76250277220132,2.0806051508646,1.87973312588067,1.11073752600238,2.46497488456131,1.54837580465842,2.29926292450682,1.5475292591853,1.22275116574714,2.22282281277981,2.34939204292305,2.88389544886597,1.75641932671963,2.11474874277684,1.45518179535869,1.33347020469458,2.07194693919809,2.15079031681821,1.16465599594538,2.73764268199662,1.69562492134566,2.38283435524279,"100_S_0893"
2.11836047925915,1.96941304529061,0.942086128936275,2.00288173889442,1.13638050284629,1.42802201640964,1.82930455895292,1.37220231432944,1.92969447207745,2.74308635643719,2.36603673927522,1.27621645231648,2.41170262592636,1.99618015646578,2.84288800960032,1.69005083945629,0.863235376002345,1.91434608648946,2.00429752387127,3.12119743603285,0.896294299239763,2.40108781136595,1.20650349023428,1.28906952222916,1.81170327493116,2.44265465197361,1.40247342770125,2.40414244109889,1.95912910450757,2.94126731477781,"100_S_0930"
2.48538595011514,1.86301936170081,0.828276898689332,2.00492744315379,1.49533214844147,1.5332966154217,1.8002188458191,1.6746177894621,2.03696837127701,2.35149553392074,2.12899047106866,1.33350944789214,1.95664762389267,1.7926721969003,2.35882897949124,1.78103777641475,0.880432404211847,1.97516400056598,1.6174533281502,2.45841458102783,1.55951632159709,1.80907583857656,1.24923462867117,1.44684767558357,2.01712806752377,2.1969945602453,1.35738495702151,2.01565326134882,1.83321864782924,2.29412216658331,"100_S_0995"
2.25213495155173,1.17252912275625,1.51208398068227,1.68303321593101,1.63886959708801,0.829567833235735,2.00623571046248,1.20740169363828,2.30536870510706,1.63508111287016,1.69089891897625,1.05952024359433,1.1199359358462,1.26827884267208,1.3508536499117,1.11313225629944,0.975723658353873,1.40349115547088,1.74461557441526,1.9534836381031,1.41164991053877,1.09954944459455,0.860125189047881,1.02670595665805,1.93994986194385,1.7394580116846,0.970975228500645,1.10910892092407,1.07110261844559,1.43873431236022,"100_S_1062"
2.56746892137092,1.95064722854027,1.4319280278083,2.1222367819519,1.52737428773635,1.61478771486039,1.70772224733168,1.58593833082901,2.28663938171063,2.473341808897,2.1142473243309,1.43319849063887,2.4039119586846,1.98353502534871,2.32021917843922,1.85093285758324,0.91353245012153,2.23761706393986,2.11455631480531,2.66007466193607,1.36607370269589,2.19036161362825,1.52207730509771,1.77173374481106,2.06273154773752,2.28149364340062,1.31197470774474,2.27071995167063,2.00771093353967,2.54308891927391,"100_S_1113"
2.23090748274742,1.56537787453563,0.682533857604763,1.85229103244724,1.11171294970985,1.27455792165291,1.91182593816913,1.42620110443719,1.52931790436655,1.7810199065301,1.81514245027657,1.31886887995151,1.956763448195,1.6229067357905,2.05555352012979,1.41419537034355,0.752139111419432,1.89300911749098,1.60432831554701,2.17263609276085,1.1172163280224,1.74717958967265,1.19488641025394,1.30898487878864,1.62716397827442,1.9578458488566,1.29853079056802,2.12565530611742,1.58844411197885,2.11600345777447,"100_S_1154"
1.73889967530591,1.67412459905797,1.25332329014265,2.27121266518071,1.49368805620343,1.3006556957302,1.68153424571054,1.57877119487532,2.07742540006417,1.73275719403862,1.82348262872979,1.4004361841171,2.35187216001368,1.89878969984343,2.66218656621848,1.722005533244,1.05771659728724,2.07525714629703,1.74723050901279,2.4940974874121,1.47485032484132,1.96144490980434,1.2835757780439,1.73397229516244,2.0014400705007,1.91161693053077,1.26047290120092,2.33715010564972,1.75044019025545,2.63600781408586,"100_S_1226"
2.41054745460693,1.8352829389682,1.09251960733323,1.60098943713618,1.45072368233429,1.414002664325,1.37823970527969,1.39037950755303,1.50352736506849,2.21771408288048,1.92773214195241,0.858429007424532,1.76725193394146,1.5080473624985,1.8280421259277,1.66447657315391,1.17104998523193,1.68737623584915,1.53130044986342,2.39673270756165,1.66799856666013,1.33105665144485,1.31209909284934,1.2967836009124,1.59990109371304,1.96755272841625,0.8518141414386,1.88662424755798,1.39944829756816,1.55972993182497,"130_S_0449"
2.46450842680007,2.04013032871487,1.3113614471444,2.46066604387637,1.8541832868289,1.90501676382039,1.97252101875761,1.88098274091768,2.10475567391701,2.50502630891394,2.34490385917459,1.40780591821035,2.67599754052363,2.02450942213787,3.22487448288232,1.95349144624616,1.22717018428745,2.47935098209296,2.22759500086359,2.55712299286376,1.84075216735327,2.16104205968337,1.80400987469998,1.64997383917373,1.84836544674184,2.42938024727821,1.50568694545497,2.5233655856276,2.24434737785683,3.3096515041342,"130_S_0505"
2.54657625345032,1.70520975353775,1.62167139150793,2.35533094918576,1.58147027918521,1.53321110170464,2.23973842339014,1.72185974017551,2.21538311471573,2.22763077868146,1.91143378210172,1.18835288709602,2.72187241901321,2.03389536152727,2.84390256724506,1.71885680076124,1.39450858550517,2.17828199621529,2.40616461305091,3.25128105707478,1.46023137794858,2.81528150050223,1.44095970581325,1.82443951136368,2.19637713511412,2.17996792741573,1.11302632746853,2.89790136971591,1.71448403126288,2.79655765768204,"130_S_0886"
2.28948892905427,1.63514653270381,0.892585053204836,1.67611992332465,1.38549777984706,1.42424788464943,1.11752232788005,1.76032710805751,1.7212061101596,2.06340073192552,1.76494119912049,1.14492611627387,1.72748880845337,1.73531722011328,2.91791677712783,1.79059612364407,1.00100087497621,1.63872235955653,1.79813100891514,1.88070799228621,1.41174047875641,1.76077904853055,1.25856073655304,1.51992848603646,1.67599835795166,1.87972190611258,1.18458302762757,1.65428878870053,1.4907917650979,2.75245971982289,"130_S_0956"
1.89250700112315,1.42734720066712,1.06246845192232,1.91870956585936,1.14680125766781,1.25256167361872,1.71457942996717,1.3264273438081,2.20289850005145,1.80812310694366,1.673198511448,1.5694551339706,2.36234541536302,1.58878582300944,2.631215067373,1.41146040462827,0.842154738037027,1.73243844858499,1.92649370207237,2.63314403200245,1.04542676428417,1.82781161520358,1.03600030276635,1.20074259638983,1.83515564604951,1.70437677801398,1.23517851778542,2.11504285399355,1.494306866065,2.49856882180039,"130_S_0969"
2.3023698269107,1.56856330975841,0.920926453600574,1.49617188895537,1.2921924105571,1.29821918192112,1.44803045109318,1.51918768079095,1.66900218776465,1.95499113596651,1.91638006615562,1.18535203047614,1.94141277838567,1.4692504312481,2.02507585624496,1.49954280236869,0.789709274812961,1.68953252794491,1.54456420305918,2.03292675421553,1.12499922827919,2.33851911384844,1.26375772349081,1.39162739574858,2.03284868228598,2.04391975712264,1.29857824341093,1.83382968936657,1.58382474910557,2.34646656277209,"130_S_1337"
2.91894883356318,2.25519232597985,1.28930515594317,2.02357682811024,1.78188326650529,1.65392187064807,1.67071567556834,1.82229896451691,1.95837621168895,1.97257872770199,2.09177290157524,1.10944527557241,2.77864784215211,1.72879444854235,2.85979731078645,2.16173848353887,1.25976619252021,1.87978713163895,1.43131324972121,2.93172774480383,1.9480987876294,2.56735076185665,1.71742809207127,1.68153920296285,2.01578384492745,2.42840503059858,1.07233231292923,2.748052829246,1.67442172079633,3.02422585180514,"136_S_0086"
2.42910049836594,1.45762293056017,1.04241444801184,1.91773280512761,1.15902174574542,1.14868045993702,1.56329809441822,1.36305232128627,1.69175439200192,2.22881690327083,1.89513777717262,0.824673958698941,1.66365808205447,1.72574249094798,2.51129880828229,1.37252118244106,0.88642658929369,1.84534490814069,1.96278132547394,2.24344630742366,1.26597074681087,1.60514984358463,1.23578682933403,1.3480281253307,1.87349063470815,1.87340485190393,0.880560370116661,1.48005247017552,1.55162349509582,2.61240746696177,"136_S_0184"
1.41646184665296,1.22409096932109,0.564282817171113,1.19344151094643,0.734079692126358,0.844492188116027,1.29852293807865,0.912047439820733,1.38968306874892,1.56412848641422,1.57168496852155,0.713824378113105,1.56431626601321,1.2663639657855,1.57787298629309,1.37647823777377,0.458834831838454,1.29732916863305,1.4713119305303,1.86688066940491,0.777464335986085,1.22724506732962,0.800340420449037,0.91606188592654,1.32767107569921,1.54877470492728,0.807786405036724,1.54842188335217,1.21045056527593,1.67762772575592,"136_S_0194"
2.45782494144294,1.98782736311846,1.32168207880284,2.04989833033575,1.60925030471663,1.73487641540473,1.45285358772334,1.82631849692056,2.14448615150682,2.20699624826305,2.03439050725977,1.36877199957072,2.33639307756173,1.72593427380675,2.31598368209959,1.94683952606995,1.18384406959848,1.9721852555136,1.93594421444259,2.62250718535598,1.68319916865137,2.11782195196976,1.54395610654771,1.63955021487683,1.87900030304176,2.17500269639681,1.31615449010503,1.84808214074489,1.80009080204468,2.2901227511746,"136_S_0195"
3.04942194279491,1.12251422533754,0.951112488573424,1.1107709108308,1.1043393524949,0.997807499692084,1.56590094014019,1.24343980343708,1.54507510091697,1.69396529010674,1.53935718077846,0.568216683339671,1.8859392695273,1.25367135519752,2.41895209757225,1.20092932504548,0.854787805952073,1.76801845017738,1.57267751886181,2.90167751910479,1.19400303624572,1.95761925560215,0.823488987908114,0.885801598800434,1.4666359266584,1.59078039590286,0.655997166601511,1.7014117889533,1.21620281648743,2.12326270881427,"136_S_0196"
2.18887512287137,1.58066508237348,1.45071445734832,1.93757984996251,1.53791970801665,1.53446523086338,2.05234293470197,1.71129166647371,1.96854334850066,1.99328524121501,1.96342032968725,1.38067908554717,2.14631766278406,1.73545096616123,2.99790294161991,1.63351677927652,1.3497521929175,2.13247323365608,2.40230427068314,2.63095988620997,1.54571314873925,1.90747604717705,1.36565681981931,1.84003460728421,2.04400316857675,2.13233095343378,1.32125841995054,2.3410001666299,1.6955874707066,3.05352267359886,"136_S_0299"
2.00364810003171,1.59637433758076,1.2939971543933,2.04114272393898,1.08425814212326,1.25375054970732,1.65115103773321,1.40776825426853,1.87819975426576,1.85665440034894,1.76562598954069,1.55765661226313,2.24338825796371,1.61639390378097,2.17902131056656,1.48301705297939,1.06543363949636,1.74522673788639,1.76653269252278,1.89758740430928,1.26731667975928,1.96786746135868,0.997317703213388,1.2778333769355,1.82047000036206,1.86362056270056,1.30605388700731,1.94206429247443,1.39885850330899,2.12503884332435,"136_S_0300"
2.14008450725154,1.85589984325035,1.417929417049,2.33257494159167,1.35821009286059,1.54147848249816,1.98854639704089,1.76035757430089,2.37400563614396,2.36017334671673,2.04196043054267,1.63172139943176,2.21108612192877,2.23242824757194,2.77839351784291,1.79302121845428,1.40542647104647,1.91945215822768,2.12542772465583,2.58232419390951,1.48321213308312,1.97239776093095,1.49083477320613,1.71398746767754,2.19259241781059,2.27737861196099,1.41109109178387,2.21626018543484,1.68104418269289,2.67272681941696,"136_S_0426"
1.96800589967733,1.74612618515542,1.27577888714694,2.46478203460752,1.63629611633289,1.58564867065567,2.3824299690358,1.43563430351374,2.14933261825026,1.93981542931876,1.85652659304637,1.5208121673566,2.15414710307216,2.25900314127059,2.3537551564797,1.75780760646668,1.17696923859243,1.85249744501985,2.19037064438332,2.58160665869862,1.41456706332574,1.86351489198799,1.45465350335453,1.5592053389938,1.86068531037994,2.02547197385545,1.34524369775487,2.15718559883994,1.8635439538405,2.50556664151722,"136_S_0429"
2.30006268808647,1.81326209795196,0.920416598351117,2.13619096488285,1.21467167784309,1.33105481895014,1.50704306323847,1.46932109764291,1.76373830202971,2.16946426985161,2.10175171440599,1.25552865926149,2.38536746853032,1.95276232203949,2.86586863359731,1.73935249587947,0.792958838869047,2.2006247104314,1.77722016073514,2.56522916293625,1.15578421900771,2.33851684983469,1.61695368160772,1.70291550565215,1.90254662463676,2.20965871219357,1.27467254966471,2.29436057913288,1.99276216546533,2.76833574414953,"136_S_0579"
