"subject","1002","1003","1005","1008","1017","1022","1023","1024","1025","1027","1028","1029","1030","1031","1035","2003","2005","2008","2011","2015","2017","2018","2022","2024","2025","2027","2028","2029","2030","2031","2035"
"002_S_0413",2.34951508868576,1.95733976493022,1.6771021935984,2.92941785947655,1.89307271307768,1.733990760226,2.36520868490222,1.96874715138306,2.4746267735905,2.06235230363127,2.12041387183467,1.82377436481253,2.68357504862084,2.28172074156917,2.85817502328009,1.90072542243217,1.89671934938357,2.58686800189529,2.66613635293122,2.64489019663134,1.77258084459097,2.30007603095918,1.84268135507761,1.91741963994588,2.21802296984188,2.08425810535749,2.35690662937092,1.66209058590716,2.62654200040675,2.30353843175897,2.67782937254775
"002_S_0559",2.81448051989018,1.76851796463012,0.917300242618207,2.29794840464537,1.61264043854182,2.07163631364785,2.60621404647827,1.83871178970166,2.34557256081478,2.36654640687741,1.92248602091916,1.08020850526733,2.44018108841582,2.07375016011653,3.01814055010987,1.855730964744,0.898488783311462,2.36368153620175,2.00299300141295,2.96418804663127,1.62558430548333,2.81869606824961,1.98956640957151,1.95829453494978,2.15948322011109,2.50657842859772,2.10804178478286,1.20257359809889,2.9397197493998,2.02300239572107,3.12668046140406
"002_S_0729",2.78820245035465,2.10890210997773,1.63432276580069,3.15460408693631,2.21924227566516,1.9843906102531,2.57861327252737,1.78214985283716,2.0557317476529,2.57057342116594,2.17770431500723,1.74061562325331,3.0758139923458,2.57031126700833,3.01241114474744,2.08835990698638,1.94459097277034,2.72207038390547,2.40635148882866,3.79687528087668,2.10254264337702,2.10381527517516,1.82613528803035,1.6796562943975,2.05180230666449,2.41565627003829,2.3770056155251,1.7262261397615,2.70222006393877,2.35951201719276,2.80415774747976
"002_S_0816",2.75347736825121,2.1682486553203,1.79558698167315,2.88006539063989,1.97389729293237,2.04226329762464,2.18874764282115,1.99083944829594,2.99209101867933,2.56166905292374,2.45746149711587,2.83664703586694,2.65681431318305,2.26161936110886,3.2387669751214,2.570725546025,1.98420624878461,2.73166578831911,2.65864230283084,3.41030866615743,2.07371706417418,2.21896819461651,2.1431996483697,2.08883388478899,2.70470725402899,2.57593242957934,3.05461397122099,2.20003486879,2.73180611071665,2.30312447469215,3.30493464886383
"002_S_0954",2.52327319679644,1.66463513670561,1.018985518482,2.07774945357864,1.23603708551974,1.46825198990429,1.32982805100354,1.46878192259979,1.62331763653406,2.26131377003961,1.85381225214091,1.11930101560034,2.00289319964814,1.76470806847056,2.29352050999701,1.79879437284004,1.03962230046348,2.0342112350962,1.63714062909335,2.30075750432813,1.07012320889177,1.30452533515349,1.20546614661452,1.29027348457061,1.70847853846137,2.65645177782471,1.90681276078193,1.1059340003544,1.96285613578567,1.76086177156964,2.21081600069172
"002_S_1018",2.59668815464513,2.21639920112567,1.92060764248186,2.42423055941422,1.74408104464709,1.8005736701824,2.16590101249882,1.94761712160158,2.61128483138001,2.63822603966947,2.40849988633259,1.80886363473399,2.97303048114696,2.43858069685947,3.11446955715247,2.02636556655926,1.49000207758199,2.33496684846571,2.6150658283216,2.98788266244173,1.54255217491234,2.25775663680213,1.61828205296092,1.95986066067411,2.14334621577635,2.55787969109717,2.5282402790129,1.58141959544376,2.51951036951711,2.03074225863497,3.02219474718377
"002_S_1070",1.8334235804135,1.6961977426155,1.22895116349564,2.71221841254756,1.76039645589153,1.71218906811557,1.83564791376473,1.88874132319422,1.95697952530114,2.0515825866474,2.03800954210364,1.58934924657696,2.86207123936849,2.09094114707112,3.48784379324122,1.80004571927567,3.35383066109249,2.80980172480373,3.39191221609348,3.19226884841919,1.89672102674124,2.61494203504541,1.89832997172092,1.94897371508429,1.94360068597727,2.1805101509258,2.15534162204135,1.68618366966044,2.85761366868595,2.65008906925323,3.3428725245967
"002_S_1261",2.96038621147567,2.22097825034234,1.6383749675474,2.72788535132498,2.10553342583371,2.09517283827058,2.10958419661441,1.98478263025109,2.18102931274894,3.05829188836044,2.47372313115586,1.62656776596251,3.42656717958035,2.54643982941551,2.82301478175712,2.29912478210757,1.83228710306841,3.01103999312181,2.19107676478583,2.84584009792747,1.95935886219251,2.77053704087933,1.97723899829931,1.94329977137021,2.20910889695003,2.94551929504375,2.76094143037696,1.73237724609701,3.26125815552427,2.55941523940947,3.04986272211837
"011_S_0002",3.19175743492505,2.29408917276678,1.76009073098134,2.28057362654174,1.89020714017211,1.48012632241688,2.04236889812933,1.87770009359925,2.73981921932799,2.33700391562302,2.22548813717007,1.4410688464826,2.26095251325742,1.90901619035622,2.43224411800292,1.87522574754348,1.86613806108437,2.67325686962313,2.43005012042269,3.03472501231497,1.6820725991353,2.06595253122819,1.29073753626919,1.44105576419343,2.49874554403043,2.02959695503235,2.32048385060778,1.53599543435968,2.0907221306187,1.99552924007877,2.58734381644622
"011_S_0003",1.65493461481039,1.18456604910805,0.690122388109951,1.25414588901122,1.08159223428909,0.875543702747132,1.22517089795408,1.04144002388297,1.59227503163297,1.72903587669952,1.46216014854362,0.959160439508078,1.41444653079787,1.27367083809607,1.80517345731596,1.35726792937436,0.777959018347346,1.40252209609379,1.50214794397883,1.63036538960016,0.953845536231995,1.33004946259696,0.697904680314126,0.924007408514476,1.56236783817841,1.81999152101957,1.47154181638971,0.952688554249126,1.41513398860332,1.17711915158203,1.7485219733599
"011_S_0005",2.47339485299214,1.77184702333946,0.958518568630076,2.18502676371309,0.947587843259277,1.22824305476098,1.91820825447286,1.30023464143131,1.8406259366435,2.37832078525887,1.99006313217437,1.36447760158456,1.73527144269816,1.86107483475146,2.77922982830422,1.76842043294513,1.01038300381513,2.09362919354097,1.99548388902435,2.70642092897167,0.906322227280891,1.74082097300591,1.19199821580504,1.25152159129932,1.77740199121161,2.488720773857,2.00139674039781,1.54373944807744,2.09197066219463,1.79008388253924,2.65460732964386
"011_S_0008",3.09630580607996,1.96883385385081,1.18037839568136,2.10820780285865,1.08954867607844,1.30825329905553,2.25749344093599,1.30660548589048,2.03028127444881,2.61454497011303,2.19010843406943,1.24245736453873,2.20015226729798,1.76919886287608,2.79330297035366,1.87601102004266,1.23130448396007,2.30466149527664,2.2981141800072,2.63037503489918,1.13244770539399,1.63013227927956,1.17549842091468,1.38438684639949,1.85393080385653,2.47485844253282,2.17658792740098,1.42068024792048,1.74686141557256,2.01828216565016,2.6249144645584
"011_S_0010",2.12914763666171,1.22649422364823,1.08672213232695,1.44803180731112,1.0615128675536,0.866919417396406,1.69148085514704,0.805239260961823,1.6214902716211,1.66874725903429,1.63320581898717,0.782427782193499,1.63480824480044,1.33638390810718,2.13937536659719,1.27736329348099,0.697503537345786,1.22741132321867,1.35538099185068,1.99237549297225,1.13785406604477,1.26803433269098,0.686413509796597,0.647199162089949,1.34359013783716,1.75679173067916,1.68155567536402,0.773633738629899,1.27577114002546,1.16008126633605,2.03289116697708
"011_S_0016",2.78140181230336,1.8119139790046,0.955012345826754,1.99661310112762,1.32340379537205,1.59185016008163,1.67023442847183,1.52205809746476,1.81985346643567,2.72622205470577,2.11891809350878,1.05093556773032,2.92200317062256,2.14381996918645,2.7242736225411,1.87266176382424,0.897698822274391,2.44532941575063,2.36070547620899,2.39811157438744,1.40843556431166,2.09850326118798,1.25004009551734,1.55091450736015,1.77029063675727,2.45337432348082,2.18398148751183,1.19707505614715,2.6974387341741,1.96989015520446,2.92520696075181
"011_S_0021",3.0753973666858,1.52393176946412,0.609059360351354,1.68131254032555,0.724587051812711,0.926678523214124,1.93452747183368,1.0347738068814,1.59426655492612,2.33994309086518,1.8145524182351,0.924256744194994,1.77573949597917,1.58401639420195,2.76786314211471,1.46259517285835,0.611865325317975,1.71603203790774,1.5231543273367,2.19239466262304,0.828372396938337,1.50033638278994,0.805181897291071,0.915906143941536,1.70856990841145,2.39184307990265,2.07215997541139,0.894769770389042,1.38381595986083,1.5301961188557,2.78802534443101
"011_S_0022",3.11276289312928,2.12038794333215,1.18687370900924,2.59242958826314,1.4772904907575,1.24478943443108,1.90759404614908,1.60087581486431,2.1682004406747,2.58220098958233,2.33282730181518,1.41968598948837,2.66519227658399,1.94956050587252,2.23836328680553,2.45444125913706,1.24022725387509,2.80993119106016,2.50096554133648,2.68097280558394,1.39110089363383,2.00317748942796,1.20506559605193,1.55943500217199,1.96971365629115,2.87461915599457,2.42824829720225,1.5158896137655,2.38667361786331,1.68857940761168,2.77208004694387
"011_S_0023",2.66700183040859,1.87818776255912,0.759981826825376,1.953979249837,1.31150191920035,1.12351675654798,1.84648520509037,1.22990603842408,1.55717674288939,2.19503172935682,2.06348302713164,1.22247077000492,2.30084731417796,1.73249404129148,2.71253371409136,1.92376482840112,0.856570552870675,2.00944696091429,1.65331520842603,3.06041158027665,1.08417780173275,1.89375188344805,0.972025953028364,1.35602749977854,1.83215968065217,2.41216203498422,2.11821191555976,1.33878277101934,2.31300390004614,1.77801454461664,2.5616083942044
"011_S_0053",3.10058029448097,1.30481839551721,1.7053480700928,1.57814700600318,1.95331770247116,0.810991384470559,2.3808759018981,0.972978077951894,2.14018688849382,1.86630986539498,1.90554697833724,1.34270793060673,1.73973106805515,1.46881943848171,2.17107281418049,1.35624108864501,1.77583495454489,1.89599389314034,1.88081600365709,2.12120153906545,1.7248721933735,1.31765633794096,0.915852918327014,0.999429107671243,2.22525799568336,1.81811080868808,1.82505881744161,1.66042744881283,1.60528711613591,1.29134623203124,2.22975756116919
"011_S_0168",2.05515311035475,1.10071266608523,0.724037405016425,1.31932667907878,1.32891564590604,1.0415034567159,1.59931936903858,0.890156146930207,1.51092408575339,1.71793699631395,1.45298773723603,0.834395871567801,1.61832023893021,1.22074643360532,2.54923231775092,1.02155709252658,0.571334603295224,1.21971379212244,1.72951812129698,2.02911254199041,1.11424223555161,1.26681449912246,0.892126768188668,0.767569873645379,1.38646997447538,1.85208418494636,1.48312905671986,0.696804763379279,1.32736475020993,1.11202093085575,1.99782983110501
"011_S_0183",2.33337933431117,1.16350453566854,0.819929021271936,1.65778594565175,1.33344004705083,0.791560563862771,1.68557370098186,1.08260240495828,1.8713710564835,1.46436097874456,1.55660358379864,0.947604162261458,1.72008199797863,1.05275926799592,1.93785805982319,1.03558752053794,0.687339577629958,1.22383867816654,1.01830511577047,1.36660795897974,1.43557411467091,1.38947726357377,0.628674691852486,0.934008723762812,1.54154738894125,1.22931354951458,1.45322508004092,0.761501162849632,1.24172281793429,1.08513411766192,1.6491700996172
"011_S_0241",2.582383001642,1.15747667184074,0.698951648709675,0.903294128440351,1.28801078417084,0.5567985301754,1.69397091258786,0.799718974385163,1.43443280818535,0.998874855966404,1.48168598275814,0.614988392110713,1.15988401286437,0.681404857599702,1.43154195533402,0.881249397037625,0.877853454393186,0.987807894226712,1.18771664482588,1.13945215516713,1.50654243749738,0.882795461859459,0.544627755277931,0.672521769937697,1.46395433568862,0.916522539564488,1.51458813126323,0.536690842130163,0.804999009935887,0.489023221077344,1.33212137188295
"011_S_0326",2.35874626868301,1.2177994244405,0.823102732317163,1.38836074425179,1.15152590224523,0.780642353517625,1.56817781715326,1.04357001984146,1.87379424368887,1.68079486504216,1.43113990959605,0.943984311084376,0.95779753693745,1.22267798150912,1.52012948299709,1.01171639595998,0.814862742328691,1.42723610086447,1.46237476363115,1.5391450569606,0.892277343691558,1.21076686082468,0.694947127902968,0.813469375732735,1.93481067047957,1.58699184584027,1.37158105910399,0.870874546235608,1.00685484238598,1.12226344385158,1.49083737498126
"011_S_0362",2.03843260466931,1.31161830797078,1.08208114691894,1.95307816309176,0.985791416962941,0.936519788429267,1.85184185211561,0.89381476736347,1.78761258204001,1.83832564978169,1.71715080523236,1.00119059055598,1.55396535474231,1.57021809811352,2.336141279093,1.34838732258289,1.07906585128512,1.56014071385481,1.70969441056782,2.1747816860234,0.697499289447631,1.39165763789845,0.853587919296639,1.01885617149001,1.67535113520636,1.81133136872137,1.61506760470358,0.943657952036237,1.61656159109904,1.38638744448958,2.14487635686132
"011_S_0856",2.6984113999128,1.93427455533496,0.95810371368135,1.83803525889307,1.18724497464632,1.17862434368129,1.80487159247782,1.26279857139608,1.68814127346432,2.43403394784794,2.05940265229617,1.20213040730793,1.9533140536011,1.68147745423738,2.86165766758512,1.51111385086646,0.916107870072357,1.63154208168087,1.89531018684902,1.94978915641736,1.21096435124937,1.61432857957191,1.09920191067219,1.28445317536559,1.47664380645198,2.24027664168515,2.05560583200624,1.25256066866543,1.82658873047809,1.53926662880694,2.59335086657618
"011_S_0861",1.5139386132167,0.586495799863369,0.918687675105288,1.30374168657514,0.832820258273553,0.529466101603788,1.20728713567251,0.446557573368121,1.04161723295766,0.942698068883743,0.749464283365853,0.596796302260018,0.897284962726188,0.698177677105393,1.31257118527495,0.623504905636171,0.810554027488065,0.91567329158505,1.23455115659859,2.11771457428113,0.371104142062853,0.876635105532854,0.400627103555542,0.388379481115025,1.05228342803771,0.809589866295602,0.882966732051016,0.552163197350054,1.1697476769384,0.515972582982868,1.64632276187558
"011_S_1080",2.00256222594308,1.20431564519398,0.857349865144623,1.12609098698777,0.603285950036521,0.700393084771344,1.74393513554068,0.659116465433232,1.49841752409242,1.68131182214254,1.12913044462013,0.727083084525737,1.19054940616044,0.883299440814281,2.40322264030478,0.851446984362775,0.70553538808078,1.00551448879781,1.35183017183272,1.94042800186239,0.647451594705981,1.11151767567494,0.65039320287031,0.666752053153862,1.13557004667528,1.35778794344906,1.23372477791856,0.650581860940229,1.36730800102594,0.956025755993208,2.79567167375235
"011_S_1282",2.82870167489507,1.38965268054144,1.08025968730386,1.64144869435223,1.08792311540082,0.728230298189501,1.49066394986141,0.883640764533847,2.05865280243032,1.64016548729065,1.35922875611112,1.00236239323756,1.48446120301875,1.60150823934606,1.80004449791357,1.40225162061934,0.835873456073807,1.88194492555434,1.7062519398441,1.76349266132195,0.898502664848592,1.28585767626592,0.61156065416647,0.872744112711822,1.63477155286546,1.53624330816333,1.35472301628644,0.926934645433021,1.49005706579486,1.28246612941016,2.18030513048382
"012_S_0689",1.8780762261578,1.73571648830321,1.2152622537658,1.98202740335077,1.5128264122261,1.23004625418054,1.69734042508882,1.49413742238061,1.7610276287471,2.10267726741144,1.80012199743395,1.05257047092629,2.34906156172995,1.55042239049035,2.46335052755427,1.7856113179797,1.08561694826679,1.6585318348165,2.01936890097128,2.40033586874815,1.44471248090738,1.97225642084275,1.17605629447652,1.29049384972287,2.13023888867285,2.32420608234363,1.88573448288637,1.07332403152079,2.08796544205105,1.5929797949405,2.44393376725957
"012_S_0803",2.08762155189133,1.56068323137895,0.675401077176257,1.67371450990352,0.602965615266074,0.88813481650391,2.1797509016549,1.02217435582458,1.69706063146921,1.90647484712238,1.69614192506654,0.949151351293307,1.85442790579151,1.49576532718381,2.80776222674093,1.4151581071494,0.983344952283257,1.60187580267809,1.70296760119668,2.37300127486162,0.706281870375332,1.14310827498053,0.799953956795222,0.954363954171252,1.75637507454104,2.13453193043106,1.6398844798489,1.23941104268534,1.6737649955499,1.47371584604051,2.5664547573798
"012_S_0917",2.17514951096711,2.28546875002831,1.0765922063455,2.44762393290913,1.26960800785229,1.55566151404187,2.27469551479983,1.76460384504584,2.43918307306772,2.76608993455641,2.58783266231221,1.7438361969821,2.45329912453392,2.30520978492173,2.97081522357272,2.35875624147161,1.20947107659804,2.76460269426682,2.4977376863045,3.02313127107942,1.13865431903607,1.94629998239486,1.66750136839081,1.72472209293389,2.19578944384287,3.1505300171051,2.74692810050587,1.64060205860759,2.45500342938038,2.31740178598358,3.000518537558
"012_S_0932",1.5940512688387,2.3681415882597,2.26070017831618,2.05985054223565,2.12901260037735,2.36464020387701,2.75257105476286,2.61703588065802,2.29490947092799,2.61719910303752,2.40244769796722,1.41416167903612,2.76764497885833,2.22381560366293,3.17850908401552,2.29947833844448,2.11742008373707,2.08400591743503,2.40293910943699,3.07952167088201,2.50739485452819,2.54541701972485,2.47981986295691,2.50356895262272,2.33908289465251,2.58317122102654,2.60363194371623,1.40536026377003,3.09298882642722,2.24461295741849,3.06488563947169
"012_S_1009",2.55326936054635,2.10252192285169,2.25029551382892,2.39446905778568,1.83518494767412,2.02733038114847,0.77405915897468,2.32495230436325,2.45477053863826,2.27427146204731,1.92086842636944,1.61028695628937,3.5092226784178,2.00120000433593,3.41648429360227,2.11038562787678,1.73094703457132,2.34764615664417,2.78789477804574,2.85986471862009,2.19717772705974,2.96072152245369,2.14273588892876,2.26883844264583,2.23756210420046,2.60098220450741,2.22381178773279,1.55771407222178,2.37023675180318,2.26458368569953,3.88498050165075
"012_S_1033",2.58779958205535,2.07138260665826,1.00967352446819,2.25348954100489,1.06400287218993,1.42318538845985,2.00364487690612,1.76535227704447,1.98071420763231,2.24572468332225,2.15456732414987,1.60703935283778,2.22572191091781,2.14618588183919,2.71726406827238,1.88099212534241,0.916707033931973,2.33962287017732,2.01043937789752,2.78582917790158,1.30106503300501,1.92150888385074,1.27311326869718,1.44951773413747,1.94302223127667,2.32778465361442,2.31355830976639,1.59474805293938,2.08798417132108,2.00361364407815,2.79894141690021
"012_S_1133",2.27602501141614,2.02740545175149,1.10907506117272,1.7982334733313,1.42261723598772,1.52637483581543,1.83583037604559,1.94326264781584,2.16335170910952,2.91096383514678,2.34013900358371,1.16807348852523,1.99980726301709,2.3063507688029,2.40802092830315,1.95557969302151,0.755608762527155,1.80342876617829,1.66160735398564,2.93492954474297,1.41448255691323,1.58781926648571,1.62786084043988,1.68958863198829,1.9777203836013,2.73580666278896,2.38016801473952,1.20138928911375,2.19632607314667,2.03102854034587,2.62055322096536
"012_S_1165",1.77841287249819,2.09484815084543,2.29594830095157,1.83341997360565,2.44313924044513,2.13447179778135,2.20838869389366,2.15552999684681,2.24322330240435,1.94297528929181,2.85624473796837,1.19906292393661,2.94993472690727,1.94740778333938,4.48595934268857,2.29735786354487,2.0646848404302,1.97916590663647,2.12184863156286,2.98318899490751,2.65120890750035,1.60045492892363,2.31187017349395,2.50654213492183,2.07220316811682,2.62688302993774,2.89715665163089,1.24836201786241,3.15440113955804,1.84263618592767,3.67856135259148
"012_S_1175",2.34700026287549,2.18138770652761,1.73221374734136,2.25901828264662,1.92118074930387,2.28334940696803,1.70743274471279,2.42620991468254,2.14033888699191,2.65849129116189,2.50334126563118,1.38860636722298,2.57447096829351,2.03860480662052,2.91528654272205,2.51957154455748,1.33183199754471,2.44771897989181,2.78570050877183,3.20801870749911,1.85152929973628,1.86041183162405,2.16927029171686,2.10058226192539,2.29815426839681,2.89770322931603,2.74628445782328,1.34117885860217,2.66164487358428,1.92552819262814,2.90493745929779
"012_S_1212",2.21483438543188,1.91404664934899,1.44597644630922,2.59042372594059,1.4979905162504,1.8590128737455,2.11560815111037,2.07853569615225,2.30266238410987,2.35999635250672,2.01856243617829,1.47497035065593,3.34489105449123,2.26437810746886,3.12875478315213,1.78196023588148,1.38979257421834,2.75251090685416,2.42230513223823,2.07461909252278,1.44224774382181,3.06963316607029,1.98685893545075,1.81150590741586,2.19643720992815,2.84490715165479,2.25590127633401,1.55041598228773,2.35472581485907,2.30328833422154,3.50303947758465
"012_S_1292",2.15059504863217,1.81044620995307,1.38538767067212,2.15047524027275,1.19498294127731,1.4582667226329,2.15534696045715,1.67948310097306,2.25217200820174,2.45123132050302,2.07259905738475,1.23659523786545,2.38065747758861,2.13913326153542,2.59540885163791,1.74682947276375,1.30601571120333,1.99660171544266,1.95474768475501,2.61452935816105,1.52809900177169,2.2961711022961,1.60896506967764,1.72636629799994,1.90462347670446,2.38193752565225,2.35067459471089,1.0599827298952,2.30137641878948,2.01223291422815,2.47234762142832
"012_S_1321",2.6221319053538,2.08401673734421,1.89384687110356,2.5473951653176,1.8381762054191,1.61758519488692,2.18839127292607,1.5988607966281,2.24781240554182,2.61075540860353,2.09462390716779,1.75205526939161,2.38989097436988,2.17973030665269,2.37890588072493,1.9462701406291,1.32969674643446,2.62001938518106,2.31492932259801,3.44694925510802,1.7952018677015,2.48624835038167,1.40948457715451,1.76519523300601,2.37204237961429,2.63855042299525,2.34990191866229,1.83537651466327,2.80024599165967,2.10914085288933,2.68411986338546
"013_S_0240",1.65267764002669,1.24343599247758,0.874249011071511,1.12307993388345,1.22399998832954,1.0251797390149,1.33538962138647,1.42181862920953,1.50195796434474,1.81486903962336,1.60912561050997,0.643200300680559,1.31790477565054,1.04862287352194,1.64647168506777,1.21271421394527,1.04255672589521,1.14598794896378,1.32842092402334,1.72195637765109,1.40058468700313,1.75736935501513,1.10221496512189,1.30143155196473,1.31984065709243,1.52971476080283,1.70631336381114,0.522864219376387,1.51511248151767,0.794521764008618,2.24068812046732
"013_S_0325",2.68161960883646,1.48944552611003,0.72687175206821,1.64276791629174,1.3649816136566,1.37503391533748,1.58443433970067,1.29381528141985,1.43742952662121,2.25353412334676,1.85218299082209,0.862357270938304,2.43204270321513,1.7866084198223,2.53637288084444,1.4131365162259,0.92930798551866,1.77010844288325,1.41747935676043,2.65856299353752,1.28441781318216,1.70635287792255,1.15343484962031,1.26813015604883,1.55409744186825,2.09122256909644,2.03504490982298,0.900551462322393,2.46317269644284,1.55839247233612,2.2600335783019
"013_S_0502",2.07848891772722,1.65409998913096,0.980682259854585,1.83937204517279,1.0628833369574,1.38851663309826,1.21281699825134,1.350419744451,1.80905979215573,2.29481609614859,1.91084793373156,0.995680633125268,1.96150599423528,1.91191016746658,2.27443548622102,1.32776588549944,0.714078233797683,1.93147584982117,1.91383131952197,2.210141003007,1.01309754576122,1.8493576612617,1.18600674567359,1.10053990985486,1.70448723078769,2.26586503528224,2.06079860094068,0.956715274923814,1.94959530958807,1.59017842385389,2.28807241759802
"013_S_0575",2.409561394385,1.77224190234058,1.46790143773674,1.87468981309319,1.87194428880078,1.4431130425408,1.59795485120831,1.36677619987393,2.3200590189777,1.5026174365386,1.87942819316028,1.36277997601946,1.98954861747745,1.29705731720452,1.65612208244883,1.40952314824799,1.17158539576626,1.7834845169436,1.82798590396391,1.92221689420155,2.18081294852983,1.48360267697888,1.38362017101049,1.46468216168524,2.46976893323678,2.20858711927269,2.22102381328856,1.47100127074603,2.03037031093481,1.23509947775726,2.06894531007298
"013_S_0592",1.48095874281892,1.24130401078418,0.821836677104292,1.35935838000272,0.950753292731498,0.946132645301109,1.57496143085413,0.970169842790212,1.1972670410819,1.68380165755998,1.4575154283591,0.929129965317724,1.26580554076023,1.45410919584538,1.83538701425617,0.914012577544033,1.02841466856151,1.37603904120704,1.8628247395642,1.57040610066941,0.823660004008663,1.08835978271938,0.81978437639152,0.738685176232601,1.30263711321361,1.55692806908668,1.46742546550648,0.795648189208966,1.0621598039451,0.964601752266621,1.89017623580311
"013_S_0699",1.05974750017328,1.05979480193815,1.05509308743768,0.917480455819982,1.13569192130403,0.678828778720639,0.954687949608673,0.770757883722767,1.46757613956396,1.57226991863812,1.15936013560998,0.788397680278323,1.12417534352245,0.936927380717086,0.73092033099058,1.63233985200147,1.52937139911853,1.4439617328837,1.95931010526168,2.01557992071705,1.38752831753057,2.40318089759821,0.824729654582338,1.12765909645958,1.70613789780363,1.97512519127996,1.70891806045813,0.750895894188643,1.36627294853599,1.13500817342069,2.76480551318424
"013_S_0860",1.98364206610956,1.1027668543738,0.881743647622545,1.23242507838234,1.07636202398099,0.792779942784343,0.62045490528856,0.938433277796595,1.6816119692491,1.71745442381184,1.53330543419034,0.447287092878271,1.91462850011533,0.847311352951113,1.42062437564966,1.07466282655076,0.578470014719939,1.10573967064871,1.92306487923957,1.27051881617125,1.07881432808704,0.925284918940183,0.514764390659527,0.726151313591909,1.40253076653982,1.41812485735018,1.59591800278396,0.611653816767622,1.15993718569623,0.701704309709737,0.915140830418643
"013_S_0996",2.12741208637395,1.14538092607791,0.814943164489354,1.37117540110599,0.659477274299953,0.75135737420691,1.45065775281697,0.830101404883911,1.20472245041106,1.4839513807333,1.28241159443322,0.706798737030991,1.61844593839731,1.26473728628327,1.76460958230139,1.01364481579351,1.01538237062939,1.12858874318891,1.57981872892019,2.05879673141365,0.650176339626312,1.27398010951698,0.674656604062009,0.84181948208112,1.28537516620956,1.33528010942542,1.33645910087829,0.540240647167597,1.31693836329634,1.03554774336642,1.86789592314934
"013_S_1035",2.03980817799183,1.26897897699378,0.620943027159323,1.16756976282564,0.821454532655627,0.598185446496672,1.13300387966964,0.888236451144444,1.36441892097048,1.48788750443212,1.37522086689613,0.688632064083757,1.26364739870977,0.961838817612704,2.16102918298921,1.23706287079967,0.396669411351555,1.31907815411028,1.41920060789517,1.82865368287508,0.880754457260156,2.26799143597765,0.708305263854771,1.06601280611902,1.250184071505,1.67655885771233,1.33531809614918,0.724584838348902,1.5769462979333,0.908998423719333,2.04672793142767
"013_S_1120",2.25197440608556,1.33143367914947,1.03672664929561,1.66348213291524,1.13461304440248,0.956323616516263,1.56767990478338,1.04261313750878,1.70314537577197,1.8179830761954,1.48931564187202,0.920929755232316,1.81344090602655,1.47128681625686,1.06453905091889,1.30603380174554,0.937037335072822,1.82676533679726,2.05360381167624,2.95643631645611,1.24514308142167,1.6250395979367,0.799377329035432,0.966289195565859,1.81891239882561,1.95612201760424,1.65128087234453,0.9609389495255,1.91862574428291,1.31881988865676,0.913631008574243
"013_S_1161",2.10064213419548,1.46518032286397,0.829733989402989,1.41260474959956,1.14721291475354,0.926966207940451,1.1733235272826,1.20813475256285,1.21281608221839,1.61583249872171,1.48983682780218,0.87109333876347,1.61444717926533,1.09780933247569,2.00201318470512,1.3957298894436,0.742840626132157,1.28845356302573,1.38789819168948,2.09913326395336,1.25900901361908,2.29935738878945,1.0419880321107,1.08422174669966,1.30641654855154,1.94720746915593,1.77258454438197,0.828110146309015,1.79500728013454,1.10148002454192,2.23139901355255
"013_S_1186",1.37586181445254,1.35654005070059,0.864412887679444,1.21739673333286,1.41422468401393,1.17822455238463,0.496104426681995,1.80058750998759,1.72927186197781,1.7719668333347,2.54471626118882,0.636586379371305,1.79716212101454,1.07511854701131,1.89709953885329,1.2866438967536,1.0126954132937,1.36222729030068,1.82458217401936,3.42010097031121,1.53466530366147,2.18851902041324,1.61446910701015,1.45080775997926,1.47770880851889,1.52090594834752,2.26787351843502,0.763360421839384,3.04607856548146,1.70686966299833,2.68872482329607
"013_S_1205",2.36242363003194,1.39493517087861,0.648896235977739,1.23824035015152,1.21305224005314,1.06063771626439,1.51520314797759,1.05801074979598,1.60811994530111,1.90974448227737,1.57064058578674,0.663244967212772,1.974741889892,1.30503626267339,1.87127105404777,1.52763189353787,0.551689233133242,1.63298775170777,1.40205468726993,2.74716696092466,1.23114242183244,1.77291914150119,0.590590447967874,1.00157336422543,1.81582593259992,1.78460599613642,1.88480090093077,0.741521309993484,1.77353866153712,0.977867354108096,1.83484307471867
"013_S_1275",2.01060063134984,1.3519060841637,0.729424364508804,1.66681395113531,1.10688777126381,0.893165708864958,1.30262082289247,1.01604611105796,1.6035934912453,1.91700613820113,1.67445297778809,0.948053364804012,1.98482525880726,1.37005028422404,2.14715361213294,1.28404085957819,0.865401789534698,1.55731498397307,1.4848418751448,2.23894822795526,1.01330515493949,1.72787694834964,0.584714695153627,0.940540479326945,1.54385085750207,2.17818106891556,1.58621244042225,1.01722695794024,1.69981619749658,1.22931977354574,2.31970995728402
"013_S_1276",2.53837283298786,1.35944311290323,0.783685669344622,2.05327967814029,1.33674037294157,1.13073234129484,1.62908122868373,1.26136716164391,1.52131665082041,1.83673918036327,1.76472591883054,0.995837616817131,2.28374141782418,1.48897908066435,2.16529384606484,1.5521727934231,0.859446325839315,1.96076636980248,1.53966131090655,2.29159887270494,1.21247415721925,1.95252322696504,1.18099735447008,1.25082755011052,1.51593379395696,1.82465590915736,1.78321649848487,1.22565042128962,1.97628123205923,1.48551673016746,2.33267342385792
"016_S_0769",2.41865500077072,1.89305661990835,1.6869822777977,2.23213860492662,1.78013910546319,1.98159036494585,2.13012978006497,1.85609714931714,1.96083842233076,2.2580217698313,2.24852219744738,1.33158943823587,2.66521841526105,2.35622983449254,2.85247783778803,1.87813650212815,1.51685686262284,2.64231413045402,2.78697332860153,3.17285388911938,1.75261364901922,2.40079127527052,1.82151042124286,1.84858352678698,2.6092928580463,2.14369731469316,2.20364201830366,1.71689194213876,2.42106291545481,2.41519858499829,2.62990445691495
"016_S_1117",1.81215741065415,1.87581103337035,1.34128465101068,1.81520417051909,1.16767481849877,1.56324179160246,1.97057609551742,1.70588751423914,1.90055411800122,2.33389921014288,2.15657979312696,1.45691873878392,2.37966384719448,1.9987118351718,3.13852966299609,2.10798344816802,1.37379314587025,2.14240825616497,2.52450696526311,2.8380388984735,1.13751964226463,2.19430477198624,1.57196196488456,1.61989578589448,2.02887055377414,2.4280469228976,2.21033653178669,1.50562126001754,2.50967712397952,2.04240007946889,3.15179012642625
"016_S_1121",2.35123374159739,1.90725313515549,1.83664395665916,2.14079909674653,1.85988633833368,1.67658436154466,2.06612914086466,1.88944635442482,1.91912870886206,2.18883214878286,2.02747890506989,1.40415666891329,2.29072273614858,2.14880926742629,3.03418400363919,1.64442045935404,1.70062953108065,2.19448507249839,2.87680656267975,3.16866114441353,1.68026042667025,1.88233281702754,1.38313099831034,1.77514909606863,1.84326122382383,2.11911165860656,2.08604938175666,1.35346178259902,2.42890603517658,1.9325341642181,2.98676758880672
"016_S_1149",1.93996028149041,1.90567868467652,1.64653177372444,2.47379102665848,1.67667511447385,1.65285467373538,2.17287300870636,1.73543515102433,2.44283375893853,2.06154473587683,2.05582378075627,1.76828770406135,2.44323676174115,2.26855540226766,2.81786200996377,1.81380765037197,1.63835972640141,2.89131253510019,2.76239119557966,2.89966912273251,1.72746334466891,2.09252765223278,1.74275059146628,1.61255205978459,2.72042560651865,2.00850298179216,1.99666171600348,2.03183919558141,2.28764046666811,2.13420635469563,2.77179564027225
"016_S_1326",2.77147737839705,1.73470677524407,1.31968966462703,2.41765940078954,1.36593850314834,1.53414851044001,2.15355729336395,1.53833949083001,1.90862390109144,2.24822852493973,1.96552622530865,1.42427273300148,2.82016362340794,2.18724185775543,3.03857565597698,1.88743248629007,1.70619390844025,2.15421334040708,2.46627105884577,2.86267589788462,1.11030898183679,1.7928420017024,1.42061620960424,1.49129815186203,2.15124147610336,2.17860662208264,2.02914521781922,1.4805281190772,2.25534721894617,1.80046568955427,3.01520743465128
"018_S_0043",2.62415274895435,2.26361029731721,1.17327634334522,2.23006683703028,1.19158529104239,1.42386569719165,2.05375395069828,1.8272235552962,1.82637398994356,2.80074205717084,2.45825698333576,1.51332380967255,2.61260055625473,2.4572545857549,2.68995343291474,1.81882429016396,0.989978576969979,2.10167829795533,2.29873925346061,3.11066558258259,1.00288607242699,2.18449011558253,1.45105863138105,1.94131488792865,1.84874663100421,2.96221645102981,2.52838284866501,1.59357994087506,2.72300224724234,2.22703971103921,2.94101396606565
"018_S_0057",2.48498006169655,1.28462066398081,1.29842104144653,1.49328314708407,1.5293411050362,0.738781172204307,1.45355867356696,1.06176316853829,1.56057220713168,1.57204206046933,1.41896119270603,1.04671543627359,1.61897973565907,1.11141109395657,2.02704466381665,1.05008641864524,1.02516145455625,1.54728190038231,1.70339855196504,2.86380659658934,1.19235036808187,1.83921789815111,0.840509094547708,0.8105574809537,1.22709567819129,1.58679695178229,1.50280768384123,0.98418622809747,1.80756027138877,1.04086426978443,2.16621224445678
"018_S_0080",2.64097937144535,1.50062080256182,1.05091640475883,1.98336435839793,1.32041962319169,1.21588768531775,2.01103374040509,1.39516748941212,2.04631082037243,2.00920442514415,1.89146148664662,1.41245341805202,2.05773076606942,1.56416783477858,1.89024349683816,1.7501883414775,1.23641892979964,1.61750264660309,2.3604640076603,2.48384180675795,1.29100989772868,2.27162462154252,0.855192048244438,1.16788972394263,2.03543250913046,2.17877312343782,2.05502598251749,1.40100567695611,1.82794603015155,1.08247020616861,2.35343000292778
"018_S_0087",2.43186530290121,1.96282403148491,1.0396158798661,2.16246812295335,1.61045177625004,1.66698149066197,1.53203107401108,1.76746107234103,2.37160808715986,2.28763822434694,2.23791114364198,1.6136392238466,2.21076401476903,1.8367120813185,2.73462461086488,1.86250992481817,0.956344455456599,2.3496517159854,2.12950839835566,2.41726998340252,1.87103016352125,1.96894687628883,1.73926477256851,1.79787608261662,2.16361113203902,2.53401862968626,2.25347394768418,1.60741504505779,2.14128718574408,1.77930756193623,2.41251369829824
"018_S_0103",2.41555757517532,1.42345607905054,1.43800099445507,1.48755422578694,1.27753790675365,1.12902798638995,0.992312599178199,1.10398697171591,2.12072317140622,1.63628482505722,1.7737472875906,1.32832935892282,2.36966828507439,1.06256247467599,2.31018166444647,1.18867901721854,0.921732782177586,1.48772947755822,1.39779568269783,2.64272275431532,1.78275833483721,1.40815718463702,0.754429588675211,1.15706037922681,1.81408830142051,1.69894313780544,1.87961161070842,1.0262839603548,1.89023574495064,1.13311890704087,1.94663316289192
"018_S_0142",3.08343416645373,1.5963474447714,0.907202125423484,1.78592394635345,2.0655136541396,1.19698887581551,2.30905529133405,1.37629100365666,2.23935496851849,2.40421522953765,2.0833494128686,1.3284447877826,2.44199122847253,1.73792754915341,2.41922055412403,1.5292184528016,1.02848144552665,1.66706371658075,1.67352806905185,2.64551958466364,1.5986774492655,2.1701612520354,1.08595834149637,1.44474546763762,2.20898007145515,2.24488365045969,2.13832093431209,1.22093759073827,2.54300170047727,1.60688219039364,2.25381134025341
"018_S_0155",2.42240254732528,1.42004474820569,1.40715786569007,1.70835880922141,1.95849458063864,0.98094543432657,0.626765585371426,1.25711415507332,1.95946990336424,1.50807278637677,1.88619281558083,0.974186696992624,1.76948980894265,1.25836923241973,2.08198586181287,1.65678960506559,1.49139888181973,1.42455111100855,1.54205803024782,1.70500633639363,1.83668453402577,2.13136718597358,1.15878978310669,1.22469921584189,2.1153617400528,1.98566145368326,2.00452299704624,0.814508604211063,1.3559160375207,0.813993276953496,2.16264361539875
"018_S_0277",2.19804403894189,1.39861275206362,0.845970987223922,1.60301280787135,1.18472596485597,0.775339711077359,1.97449863218033,1.07856079725454,1.86874515200942,1.72210344377607,1.68928212922692,1.00570470107259,1.84546221274782,1.3888519547457,2.08683327448768,1.44199219493583,0.669963114115657,1.61246945322801,1.67035626009483,2.81740912799557,1.08809382413345,1.90748154526358,1.25798777905125,1.12981998567637,1.71732828325352,1.63867646337124,1.52044000711315,0.974073341634061,2.06571954920767,1.44591426321117,1.35782050479564
"018_S_0286",2.67309502299716,1.95151423573795,1.69252518843859,1.9772054761572,1.881511155002,1.83230795696241,2.20060040825971,1.74823186313415,2.0686969552469,2.30705621454953,2.29192819162719,1.8763411826515,2.18137937303296,2.16628987002441,2.29545424546269,1.9442637306926,1.09116603230116,2.34189938218706,2.29228070661189,2.61144234792693,2.03780382311213,1.96576417686374,1.95200639134476,1.98637347059203,2.5783750577593,2.56097607351589,2.46315898108255,1.87875394459135,2.4591148780759,2.29416168777113,2.42349008627723
"018_S_0335",2.59197746531591,1.51202978068772,1.17412559838551,1.64307125852893,1.28012489672527,0.837708359194851,2.0016624313733,0.89809300419565,1.56438432450597,1.85065050679647,1.52610700303794,0.877891991629328,1.26259511342093,1.18868952842641,2.57488927017913,1.6490406431323,1.00155618758642,1.43827182633285,1.80104825757481,1.7518775457917,0.936882720748984,0.867055414446424,0.808625641708862,0.934122970163477,1.48720694285306,1.65551885335773,1.51170046335614,0.931660019606629,1.09752789308864,1.19843598332277,2.41739174859175
"018_S_0369",2.52620516765166,1.82071322647515,1.38888062718062,2.09373093987595,1.53390096821985,1.41428198786844,1.89466485986324,1.74103979998165,2.28714381607049,2.16450311104439,2.04982336265285,1.47044921096566,3.02105463502978,2.01574856932818,3.20579967782884,1.81329040971652,1.37441680109547,2.34299000081628,2.52525587688397,2.87213228330962,1.57493443158584,2.58110596163375,1.25813954778494,1.49394144424163,2.18497048040391,2.34094404999702,2.18256140174501,1.42688318730327,2.44180067337172,1.86034447108703,3.00573834326339
"018_S_0406",2.61062231874993,1.35464891882616,1.08985468305283,1.64546201904991,1.77908427051986,1.18426875488245,1.39975280151135,1.40773607441919,2.07671627761061,1.74121877704019,1.79894568042477,1.41594692272261,2.44802915210903,1.61880793629176,2.28710902850351,1.55936131187157,0.731969395944722,2.12816046277201,1.70029223357105,2.54138298669537,1.53957604374476,2.85345380962459,1.12836688372538,1.47750493175868,1.82607403146303,1.936642862348,1.70175815418242,1.23398351479291,2.22085048718728,1.55782651362915,2.77204491259472
"018_S_0425",2.41210959511674,1.34164935062988,1.64776255762822,0.992684930470052,1.72982118719098,0.914252896372258,0.951389938951112,1.39555940691886,1.46182728054351,1.43381699523594,1.6777678445943,0.630815396465478,1.55657352810259,1.02784258668195,2.21285058728394,1.18701141148026,1.37870211465945,1.0687216193339,1.30294835599472,1.90856857121869,1.51329452724292,1.61514055728912,0.750737794575442,1.02002550745403,1.23311317925992,1.3769156673167,1.85198773708608,0.671915995819137,1.68934620952012,0.862625086547262,1.9791799731508
"018_S_0450",2.79545020929462,1.81124963107041,1.08317038433732,2.05779752279584,1.11304609880535,1.40108357646647,2.19263906744697,1.45210854140773,1.61249792962677,2.17178139297341,2.02065161516299,1.35375674624647,2.13553698429867,1.83329394466737,3.74657027324241,1.69354925029806,1.43415017834696,1.9628071939797,1.51919206006538,2.77016556687594,1.03245607659607,1.91077959201406,1.00542039011709,1.27978640506999,1.84502639234543,2.43246155558666,2.07886469075066,1.4254076847338,2.5137255745879,1.52843538591856,3.08982191382831
"018_S_0633",2.67244900108957,1.74503324848639,1.05373353449054,1.46162542449168,1.44626529293993,1.20421955376226,1.19665244444093,1.27541121760679,1.93728513755492,1.6614639405851,1.81410649572369,0.855200315641964,2.15917975743748,1.47381467130695,2.69726821949677,1.27530954557623,1.02878763158802,1.78720431831986,1.96456911371373,1.88988294855092,1.37529728887887,1.32118312716484,0.994138449908067,1.18436020030774,1.80170707265112,1.86252285664561,1.84012379905645,0.875237926514411,2.23480934096039,1.15946495828507,2.35676344721567
"018_S_0682",3.19618667604112,2.03994554525342,1.12020894543658,2.08910832068108,1.65039506798403,1.33384484847428,2.09443754978947,1.9077795157046,2.43191742574275,2.86526029870392,2.29673513531959,1.40987622324221,2.64066227910398,1.97232284444996,3.20061569901033,2.05881366161823,0.859613514562559,1.68932993112319,1.99620174135272,2.20805230116164,1.40422455728636,2.75674751693486,1.51061518399903,1.76435274759252,1.72147078682623,2.90162491433735,2.3145975288197,0.887183606583472,2.33409700223288,1.81384355939567,2.86382055903083
"022_S_0004",1.9519930730368,1.68624529499582,1.10735138213947,2.11104311529336,1.11460079841025,1.2844013659672,1.78254010368027,1.35875400586591,2.20868826698034,2.07146882546006,1.9293679666807,1.58897844854679,2.17636690247045,1.6750284312752,2.15213857232653,1.59313884266959,0.98077057209392,2.13361394310525,2.05232929437983,2.58218050369604,1.22727785702687,1.45121263718839,1.26084767604999,1.23963025785892,1.81195991252915,1.99656543661395,1.93467603214786,1.4321755397112,2.07479841985864,1.56710105972673,2.2822045648479
"022_S_0007",2.96244429174384,1.47347270896871,1.00132653199739,2.12691542748272,1.43525493383963,0.941088245207591,1.77708662851997,1.13743598064944,1.65435127387398,1.99622090088431,1.9198114462873,1.01563116898435,1.72468263657023,1.39594111041329,1.44699231422735,1.2102043521872,1.01648536982027,2.03685944819308,2.07530979753805,2.34097794166934,1.31506534315934,1.63744691848755,0.737791493391476,0.989750663803551,1.58463189201316,1.72639859218109,1.93874844222643,1.04628305385379,1.70361334099507,1.113808165296,2.0729098863565
"022_S_0014",2.22149839141267,1.60765207805491,1.15215247513696,2.01405343944579,1.35493226972013,1.17544889165479,1.75610765752877,1.34866097692464,1.88459922215034,2.10940719392618,1.99713876574272,1.24590931226564,2.37792888762875,1.40461751178363,2.18853754936084,1.56297228125827,0.971623441210786,2.19650535937497,1.74985280300847,3.1509488132509,1.41463959449416,2.29411564120185,1.15160370733746,1.32273682839056,1.67498659971178,1.87005442499183,1.99912323529464,1.1591349172435,2.57978949642607,1.51670284657798,2.65578017726645
"022_S_0044",2.10353806264609,1.22039858772713,0.871902840666747,1.42773065326187,1.09234283614132,0.637966217300478,1.50181998296788,0.753748565177655,1.52552457246929,1.89926867464207,1.44811946139183,0.780313247911443,1.66431075109892,1.19506470903349,1.75864158383932,1.17314164142561,0.492276302570442,1.55313213142136,1.39206161064826,1.82265427143217,1.10396912377151,1.19280197763304,0.733551442546044,0.793958284435781,1.25838780284029,2.11060086120607,1.5906024389098,1.01364061214948,1.46183103016225,1.07311738230545,1.89066335507184
"022_S_0066",2.51676468631508,1.3146691366306,1.00302764119611,1.50875345207669,1.14565479981778,0.874389309106833,1.81726228784431,1.02506609421257,1.74042785795245,1.74875512468523,1.60984491761362,0.874946299941362,1.57676975771131,1.44094419297051,1.73507972043895,1.66485215837922,0.666000070123274,1.56333772550991,1.69200924778161,2.0301457597232,1.32375439623712,1.54283073992856,0.877140790810076,1.0054459409341,1.53344449493649,2.03277477423733,1.88828821153516,0.896492215632728,1.3894860497774,1.24826470809739,1.42956031638578
"022_S_0096",2.05679440884091,1.44401810254335,0.974257008781115,1.54324281844385,1.15516011856175,1.26712041622123,1.10961594751903,1.11595728977157,1.88015714036485,2.01598135296825,1.67594352436874,1.24930821388691,1.83209721727911,1.35916428041234,1.5813248456234,1.31857625376291,1.00050158709288,1.40043176916779,1.67791145401222,2.09522981643677,1.62331954758627,1.51026199598914,1.06001416613226,0.84851714471289,2.0064657941068,1.65394134645216,1.87805618721459,1.27263588375149,1.43993212041866,0.944887463423477,1.73162145737006
"022_S_0129",2.51076643516391,1.33358236685867,0.766469990018378,1.58575596167168,0.984694174668548,1.04102613579245,1.45008319963155,1.11794436537051,1.47080194673161,1.72517814204527,1.48194649144155,0.816063314603189,1.88304134623415,1.23538606795586,1.74772176638092,1.29453858835838,0.696861663107145,1.30437162705358,1.19351092797692,1.39757525457383,1.04356447444909,1.10596908818292,0.659950635216401,0.972047115978811,1.30191119975918,1.74453523403292,1.45877538946186,0.682839867429878,1.54613790439498,1.07389813414657,1.77362769812641
"022_S_0130",2.51795484263095,1.91020285149558,1.13489774726632,1.79304472359918,1.47068740790632,1.13488101661882,1.69823288532341,1.26161015850448,1.79883860853516,2.43998373986775,2.00398500741456,1.11149065864477,2.22729699975954,1.80483861950454,2.42887778125647,1.89975206266184,0.922190395547903,2.22817418118566,2.07798989426544,2.36462953458896,1.28232197132515,1.75284360728452,1.26528676242466,1.46139894764832,1.98076120546265,2.25200455987286,1.91499105943153,0.947557693687848,1.8963229573608,1.67146027627219,2.53925928942828
"022_S_0219",1.76908009926606,1.16173527220284,1.06121750533699,1.42161009786505,0.982816848469843,0.97089494026239,1.25595865513458,1.10528719621002,1.37190965143871,1.31996111984804,1.39345543284095,0.76508848488741,1.80460263801532,1.19012255599866,1.90189130125301,1.08294138187586,0.910251535711364,1.4169439765872,1.66053995445719,2.08212265244412,0.983395679290873,1.36707981552665,1.0747845706501,0.959613557218721,1.27287029925688,1.59258650918287,1.41342237482513,0.808160075420905,1.54443788212723,1.13919487788857,1.40872256910801
"022_S_0543",2.86986812943682,1.39445442681532,0.832529275041871,1.12811384547449,0.870332312665377,0.888663053466296,1.39902150694927,1.00361701088079,1.44839416165934,2.23832375492811,1.81663488823678,0.543302147364064,1.78036366619934,1.14879166870824,1.79648899442206,1.02074743448083,0.752677209337089,1.08475073325934,1.24772403636286,1.38702097235613,1.08188548944038,2.09945797938681,0.698883916215497,0.844550010990739,1.19177880401406,1.78353000220257,1.8288279899738,0.490126186754645,1.5278943241024,0.701937581142381,1.94155437162765
"022_S_0544",2.18190070413171,1.25527140102824,1.20271783621292,1.56259297325898,1.45110809621493,0.693682125171366,1.32755660388781,0.993311451337901,1.94562805923904,1.86378078122254,1.42796285412276,1.30573434486297,1.90522655736203,1.25069817252305,1.81040066421427,1.42501081808231,0.881715008860325,1.49751979860925,1.57056282627401,1.75829157830878,1.42029898988162,1.03484653564524,0.976369722702244,0.853050973952685,1.73730215214399,2.03303099392728,1.5973866916167,1.2322192313608,1.7107527828336,0.874418393164244,2.15103268668593
"022_S_0750",1.71554358181129,0.929735262481863,1.08331518757004,1.69331301373224,1.35474573465576,0.746897667479822,1.4713215429868,0.867994432327927,1.53063986987036,1.07400789772918,1.12019037492027,0.93566682429363,1.66617312993967,1.11839567794368,1.32865123850041,1.08623581139751,0.742386404180027,1.44124368579179,1.48183597500668,1.41669339854815,1.24806008873037,0.877515891363527,0.53549451416447,0.733534467378199,1.19277009922973,1.11682211054488,1.17631883748596,0.76925383104809,1.05724650037982,0.796912829715016,1.36216833121135
"022_S_0924",2.52676983760751,1.79858095475862,1.16280985699864,1.70167779970894,1.50782278576881,1.38955418900076,1.22103575567404,1.75426348606445,1.73287199728594,1.93996206497455,2.02650234468097,0.988092379000008,2.13283859743872,1.37253628185967,2.27693590257295,1.83078021866048,0.837232856115819,2.16348437221547,1.79679735237118,2.26325747579635,1.48111836907883,2.82360389391581,1.54632053090776,1.70263226673869,1.60790700363907,2.11704083524501,1.90631479370305,0.993838589820063,2.51433179357596,1.57837804224418,3.06768135861917
"022_S_0961",1.42729780259568,1.63790565252666,0.914985857690424,1.92349227342468,1.07071514739808,1.1619653261872,1.51559673189646,1.4378494162812,1.66132146818923,1.89650462661093,1.76667078663438,1.14367052225819,1.30206205909511,1.60490434580838,2.16741728752392,1.48353141693721,1.22078584654898,1.93238344229025,1.88376469283376,2.26485694976965,1.22236926944537,1.64562469319939,1.14896986190934,1.22078909122239,1.93937084136675,2.12016555203986,1.80676743758949,1.07950474304457,1.58745613574118,1.41361299524419,2.64173255813271
"022_S_1097",2.07470848002637,1.5627014649898,1.17787670372855,1.7395078981949,1.16881184754638,1.33264892390062,1.57566988106833,1.34363670087375,1.78856945856924,2.19599927754879,1.96813077167996,0.937176165087978,2.11430697136096,1.780001489198,2.07734547854846,1.37184864532675,1.13571507161942,1.72579938985049,1.8801184760186,1.89551280161669,1.37247998910958,2.30982587535522,1.13145651469436,1.30810382722513,1.71564026893231,1.98955118168425,1.86573061836423,1.00333280231087,1.87679329000205,1.61161914074906,2.13664531341855
"022_S_1351",1.92705928302016,1.5174715566998,0.792640214859485,2.25657237354978,0.807354926175185,1.12057628118111,1.98895434285425,1.22363399540138,1.46971378032247,1.72369900848701,1.48902738210701,1.16925542482864,2.31849477946908,1.61946778544381,2.2994541144767,1.31342755889964,0.861986420346084,2.33171276385812,2.05876125715713,3.19118053800357,0.954647940941223,1.46738272883376,0.938064962289867,0.970211637339296,1.96767670163707,2.08996196468486,1.64088214634946,1.1779594832842,2.10580089295768,1.64814313708,2.54622762058607
"022_S_1366",2.09008309018158,1.1095757153673,0.886914453324252,1.49722719798061,1.39662985784966,0.962679217910449,0.684475018427922,1.14754460816829,1.64676990190057,1.24720189371487,1.55710088685077,0.948997698186329,1.94771252875716,0.967601473504683,2.33783457104279,1.25480843222778,0.942931923746853,1.59902342244861,1.76904951310695,2.33122968618517,1.42873768597142,2.08036002720872,0.971840806691515,1.16540410715263,1.54215226391006,1.236429021307,1.58496477280716,0.790275571556398,1.92125826497027,0.960000223005104,1.97774299404546
"022_S_1394",2.61882022274077,1.6027605065259,0.904964447287841,1.58476476871945,1.44588273547517,1.10503689208709,1.13473621040583,1.48688246722619,1.40752222594907,2.12186220329417,2.03677759652084,1.0163793243048,2.11834189481514,1.22446364365509,2.44520690020095,1.33967768426981,1.11102607921815,1.70253911216465,1.56330799105241,2.49868359321203,1.55952553967056,2.41989522981474,1.53192186335891,1.52688642000318,1.83548956797459,1.84833861988006,2.02608909838202,1.12388866432002,2.30119169478448,1.36094331324045,2.71230398142149
"032_S_0095",2.1974899047928,1.18676040072113,1.51181463293777,1.47092640282249,1.0230171794387,1.07990151192159,1.76099903685243,0.903671537225422,1.81512033129854,1.96771613829159,1.56264321479867,1.20793649674573,1.80987773564027,1.41318509042308,2.61106982739069,1.27571730456961,1.60206636445938,1.54810220931044,1.83426927000118,2.04268424939759,1.08790775152955,1.50743687996933,1.07143436041114,0.956643450734673,1.66780310375537,2.11327004911561,1.78617289980971,1.41608936955684,1.70611502420896,1.69194982442665,2.97386648791357
"032_S_0147",2.59168821236661,1.50442892505071,1.24823482929728,1.74268458937995,1.23998202561158,1.14851954386092,1.94801765262589,1.19531018093958,1.56723301885084,1.85105330496155,1.77491339304727,0.929499001680008,1.91026781990554,1.53793955107937,2.56296116120721,1.46590560591126,1.32781014532829,2.33619909357549,2.36583872471405,2.36076118088025,1.35929807632919,1.83174859928731,1.17195203171875,1.40448700646751,1.76443891933533,1.87500007523203,1.80008724321832,1.1931962834819,2.44883606245557,1.54769973707725,2.1091378692527
"032_S_0214",2.44441473848682,1.55364118651695,0.849525687186244,1.80184637817396,1.25158230440052,1.38719125447753,0.791658133268356,1.31672904213963,1.59531866131528,2.21912836448944,2.02427480858656,0.840164222743286,2.29926948004261,1.43216071916448,2.39536222469345,1.49215807276537,1.12766347321139,1.73026791535357,2.38864566237359,1.95942859690765,1.44678324391769,2.60836641538452,1.32797170317102,1.42305083114012,1.48550160569867,2.37698150588119,2.10433489552805,0.902760916598463,2.15827963983939,1.32698899859028,2.43109246167666
"032_S_0400",2.12028848407958,2.17175352121558,0.986549501546951,2.06713695070228,1.13955293509098,1.14393871302986,1.70943293494041,1.19676776017752,1.6661016251303,1.93547116040149,1.95750162544222,1.36008223768319,2.08459135061432,1.67522087116277,2.80074490235748,1.79269440143969,0.738379959896574,1.97248010900441,1.41161575213794,2.4267763962939,1.15907820185686,1.6919749151975,1.09922843989565,1.16134960820411,1.822722912741,1.88722341155278,1.87450731910923,1.22067794755776,1.63686400708437,1.60870102580649,2.6464920196999
"032_S_0718",3.43531409712141,1.87164619690291,0.969441943986212,1.63196194080583,2.15162007192666,1.65569496216453,2.43815650932628,1.70595328147003,2.05123813371682,2.49609149952193,2.29185439436295,0.823069904545271,2.28797595016834,1.53226884538646,3.61335549961846,1.78882075796233,1.13047817722686,1.54655335398027,1.44132965279605,2.9507304660639,2.52145573510648,1.70250379227696,1.88651324016532,1.6837093762068,2.20056903530433,1.82737517356873,2.430262816174,0.811849834107953,3.27335040532098,1.53291630424339,3.3127700895071
"032_S_0978",3.63745079973277,1.62144041965154,1.2097632842345,1.40278853177555,1.50552774769517,1.28829546913363,1.44322072958524,1.50546012883378,1.77891537952539,1.8649579155109,2.03647373977514,0.843981233525446,1.85152205717381,1.25643336015024,2.41351637099631,1.89459743424524,0.965051003728106,1.44873226897914,1.753746664745,2.50136095867736,1.63871199733026,1.89122192836759,1.52599384904648,1.49754807304243,1.4744420567876,2.48372021076701,2.1095265967572,0.865222640205369,2.2400240915853,1.3537392459976,2.8860221188848
"032_S_1037",2.2800795168615,1.20979954651155,0.510849596782662,1.46489885416762,1.11148318062471,1.05898125994894,2.11789173744291,1.02043174855669,1.55410531886399,1.55222414719705,1.61400692499489,1.01007020550961,1.88873047447518,1.45416396850401,2.46084392536432,1.25568648414023,0.486067547580067,1.53776861501753,1.42375011921867,3.65111154756535,1.18201334415442,1.93740782935238,0.865875715672629,0.939199198996648,1.48295973431446,1.82542215272677,1.65596794650555,0.99393327005583,2.48796806771973,1.6419188229915,2.21830086103207
"041_S_0125",2.27737866133078,1.72760244280627,0.663641984670792,1.59276582181299,1.30878565236776,1.24655271981661,1.40717716341795,1.41567231585852,1.40915514769644,1.76015918961742,1.84867114281084,0.786893549727574,2.60904039183868,1.11120365435284,3.19883978169485,1.45678259118437,0.772850437390393,1.91114544134006,1.60198769014202,2.82703148300449,1.25644569543514,3.17623000410763,1.21024289121496,1.20602094801518,1.76314531712457,1.69759675607183,1.78829797242754,0.920380135161848,2.96508515093651,1.28941881989774,2.54836908414905
"041_S_0262",2.88382024467434,1.67544134963867,1.12992341100504,2.50479290091527,1.21563089230256,1.09375297114711,1.87310833349655,1.32434064051268,1.57991218035869,2.25416551616017,1.76909277071214,1.22227619926603,2.23819151036228,1.79882629575947,2.05917337836379,1.61775513180702,1.00193886307419,2.38526324574211,1.22148811943988,2.86607262127253,1.34399158251033,1.57170966714236,1.1184599832897,1.24019017859834,1.5806579843495,2.32197938163125,1.78433010184942,1.30327149531459,2.17202838257386,1.73390146719537,1.99864000478946
"041_S_0282",2.96232984165896,1.59652535603396,0.876199821260689,1.6098280890581,1.68182722705174,1.23864346851633,1.38020833684626,1.50327061464359,1.73472955544506,2.16525254971038,1.97061808941984,1.12804381351339,1.83637953761956,1.5354254007355,2.05811632049469,1.73576612344564,0.795537727910842,2.07968867501708,1.82295679072678,2.91896030219416,1.38577482685372,1.79553404142805,1.16913571000752,1.43955630588806,1.85781524004209,2.27615933827719,2.17806890722476,1.24404156929847,2.07295546360434,1.54379370255146,2.20083529099401
"041_S_0314",2.8608055219858,1.22815382875433,1.07161396337144,1.68607654491085,1.5929755636157,0.748231298701868,1.86100414692772,0.954750401518721,2.4877303746888,1.94844153630359,1.41392097732157,1.00881672112142,1.81041552045581,1.4431353543531,2.08530201443756,1.00554404082971,1.17673013338321,1.34947318792992,1.45981097619728,2.71333825015105,1.32706827239814,1.63292086365777,0.629399056475288,0.702094958810425,2.18547398752869,1.2713197348669,1.55067180611037,0.845449277280583,1.66536468709088,1.21697432524915,1.95397884209318
"041_S_0407",3.28351833060909,1.48283666181564,0.851085145330406,0.984953822100611,1.4986008387323,1.01656012920881,1.42838527113199,1.02554311568578,1.4634662155558,1.30141623662068,1.67106574386895,0.561110254086305,1.1144664504123,0.919179170562209,2.0402715806127,1.53763999724546,0.736925454025085,1.12001771613742,1.13874434101306,1.6652183655535,1.3662881906561,1.71298323571682,0.846223419475736,0.981537382265136,1.44184727663875,1.26715600716657,1.64889590524241,0.521086823901464,1.18571277186148,0.771500286371128,1.92054471180719
"041_S_0446",1.81332448890911,1.82802423015038,0.857859854149607,1.82414649459536,1.21241962134899,1.12399222495245,1.43555515517994,1.29015903599964,1.8584894354146,2.20013385166286,1.90774952388686,1.10585203402193,1.78051125528467,1.74413546121378,2.24161791065894,1.95229546199827,0.822285170009086,2.11261455443014,2.06889025001319,2.44170613630809,1.17299145294023,1.98606900194033,0.883381846060697,1.35354217665594,1.79396392021755,2.45464057885822,2.01439450195207,1.20386439517514,1.82954188321336,1.70295073028215,2.45462078198888
"041_S_0549",2.24590874699332,1.19613367602076,0.946923957114488,1.4327313334581,1.37413244062801,0.9624436295936,1.4770334883208,0.920309091640543,2.14159320019412,1.71214185743071,1.57990285562218,1.21780856489779,1.67367743540174,1.30456400418745,2.12096295331418,1.07253538072774,0.871443305723706,1.5251650594783,1.21224388563769,2.04970310311241,1.29721506162423,1.07724830937531,0.779780191119652,0.773373738081667,2.06861341585947,1.87709505436954,1.53008798450768,1.05593156042592,1.51587769873788,0.995535614068217,2.21477388272914
"041_S_0598",2.90240134698214,2.03739789148533,1.3000820364697,2.32695406995697,1.5794131404883,1.50122748451397,2.24481684434038,1.64635275779795,2.16051631849959,2.24768754734432,2.24035595105144,1.5171344061372,2.11668076898025,1.92797803810809,2.91534138729718,2.26534732294609,1.01962730347598,2.86557615920839,2.43438307192753,2.96886211915904,1.66609629406152,2.00797068592177,1.62112055196792,1.68385368752125,1.81270457084533,2.31015154924367,2.26773341325996,1.32781946716233,2.34676883386891,1.85666965845924,2.81096670831286
"041_S_0679",2.60974152544711,1.46950809176212,0.869172862582883,1.16844985151805,1.38985369204373,0.836214143287799,1.46725151326288,1.0772678769359,1.36032163612395,2.30562669890268,1.87929756960189,0.743251807634746,1.55300007692728,0.966254097328916,2.23795746782775,1.46249842840985,0.828446820396366,1.12261226908873,1.26339763534527,1.77699083720105,1.41870544359076,1.92637858390808,1.03039925769921,1.19499494415056,1.14868183478284,2.31261776387691,1.89138933593984,0.635950502754823,2.08169054912526,0.890008407161182,2.17021883867647
"041_S_0721",2.8353817539405,1.00525437651124,0.776980515354394,1.23660433102636,0.847093189725172,0.796787336559108,1.81714246823237,0.758901784631387,1.49392666520518,1.58873215849623,1.27349951772091,0.728121844209595,1.18464756863221,1.19001878239156,2.32425988833891,1.36023270974918,0.653180213714365,1.06199123410024,1.44138780392405,1.90430653617433,0.964654204990829,1.1727173401505,0.604443144810035,0.713391576355598,1.48640211814401,1.43549122876057,1.43448359118302,0.859841865942,1.54724184793905,1.04061207657839,2.26195270905543
"041_S_0898",2.72202413290553,1.18697119616945,1.13060610110504,1.70794523142859,1.27316404791814,0.798310300064121,2.08993259063183,0.866327000503425,2.70644620871055,1.5566608549357,1.61350582230104,1.00223102966231,1.47666619230097,1.24849047709255,2.77188078879636,1.24521649409233,1.15602191634189,1.79448174465985,1.90931430035707,2.28640123507476,1.25289097375203,1.01809379402679,0.827546881168213,0.836299698558818,1.86233148395029,1.70189974036003,1.82454701774656,1.10389354906514,1.6704046494839,1.25243516078959,2.77149120266913
"041_S_1002",2.39505937655338,1.193082846102,0.640581421266083,1.48966859015226,1.21786514445184,0.731651695966982,1.51835981682902,1.04347150698114,1.59525046190386,1.81628814951598,1.59311975359006,0.87660178731956,1.5180276222264,1.28026130462662,2.04011039089693,1.32307936571597,0.857188109056496,1.73419996348617,1.9788645306274,2.71753750062398,1.36919617285573,1.8977728638509,0.737424607626017,1.03503780050879,1.55632995342885,1.78061063531569,1.56138202949824,1.02730297206832,1.95870676035395,1.09605918604128,1.92603577813316
"041_S_1010",1.98214869079469,1.09960873322003,1.25498360352773,1.7106570459364,1.2493036063001,0.738478072918952,1.60234110135299,0.736300638943503,1.76872227669447,1.63762245433911,1.42311555004536,1.06394198097464,1.75985452496024,1.26562904099002,2.25955546794912,1.02614105749974,0.903560751761598,1.66300427659307,1.82539645594836,2.36323022825576,1.34919728967996,1.42564927222091,0.674789784083259,0.792007049708015,1.95844434003605,1.73434966169403,1.44232503448796,0.984352909459826,1.70905184059554,1.36803258483715,2.21799378612304
"041_S_1260",2.67302261862367,1.16861653467205,0.640427210536159,0.989861620857712,0.822352561856924,0.72654078957945,1.75804701151756,0.78269858575978,1.2344938515152,1.68455751607575,1.44782437042113,0.748164911719554,0.945486835876722,1.21532506756937,1.81885840412069,1.1024335378428,0.886972975761152,1.01196839752779,1.50433085144937,1.62125844249776,0.852765448098108,1.39396613926942,0.648064139431278,0.804170777425785,1.51432705100822,1.62540011226967,1.57042387159076,0.740624375409588,1.23322298781844,1.25908207891644,1.89597287660266
"041_S_1368",1.80774778161537,0.974819428854591,0.716346229736279,1.30831479283225,0.39751837739872,0.613688715334262,1.21832618710423,0.606056685241256,1.29599518676655,1.58479947942154,0.932595630824714,0.654728743428614,0.98360898191458,0.836456026026996,2.03582611389298,0.782580348549416,0.520403540443739,1.15834220504537,1.2601826255001,1.53993550649504,0.417418142267093,0.78418155318469,0.458961612045891,0.519597096848365,1.17933833199946,1.41920090135561,0.947239245529396,0.679531683307115,1.01708665062686,0.772211828758951,1.67505366567043
"041_S_1391",2.38997013054011,1.80187542638651,1.00777397353946,1.62105434811333,1.01156829090467,0.976971204738156,1.84679846410398,1.05460364534034,1.48103045722956,1.88019830643529,1.64869055552173,1.04447691156277,1.76054782910131,1.39564746640935,2.23376727185875,1.37408713750267,0.759012711936257,1.54356595416275,1.76815638817974,2.34715404931371,1.17148703890707,1.25050638983317,0.682375077400263,0.936398784533933,1.67613404934726,1.91421639090825,1.81487526843626,0.947073215088966,1.66901027650402,1.0984324829647,2.26041732434866
"041_S_1411",3.07317348488135,2.06674034380369,1.14718236209498,2.03724755734527,1.37770498904515,1.44107503828871,2.50398929370012,1.41426071115237,2.38049758649386,2.6291592975135,2.12540157171987,1.69283337167211,2.23649851056132,1.79841487072914,2.61130794703979,2.00004743813395,1.07999092219649,1.93778514775665,2.06281794362067,2.85288133135406,1.54673700604696,2.06088033979453,1.33170406273128,1.3656937977958,1.95963301565284,2.22416878309287,2.41863489218449,1.40783489145984,2.2495199281188,1.85946036090959,2.60968685268706
"041_S_1412",2.5389511868701,1.80859837678624,1.65159378429809,2.18548744171068,1.97364069343156,1.54890870128729,2.06348193089167,1.68567606432318,2.32646371605904,2.22021392363378,1.92804629512975,1.34283576903442,2.16846405637524,1.48605700703818,3.02297850302619,1.92608525251087,0.945659754844867,2.35661720234019,2.22737088068605,2.95748116273661,1.85274700012219,2.69034954766247,1.46810765513058,1.73044535172674,1.80575046283753,2.43508317337036,2.0316704171127,1.31050585990817,2.30705797665627,1.49957841888767,3.17799506065112
"041_S_1418",2.51139011148231,1.09596317713017,0.481568886561397,1.16292063888333,0.70698022534832,0.736999553878317,1.74986014658513,0.61540278017041,1.19464592683084,1.71497506901031,1.33378081750968,0.764682911766518,1.17580319698847,1.05786528219066,2.08807019026178,1.30143539801283,0.533484497820177,1.15499508059486,1.06330139131924,1.60489460688997,0.685694773709125,1.06481858452096,0.564126846175078,0.583855174337538,1.28125410482618,1.54614080883177,1.40671024099621,0.709958994259949,1.43709593006163,0.81882853674538,2.14915414924068
"041_S_1420",2.12862466048765,1.2405651394319,0.904936323548297,1.41380624511278,1.43396951771025,0.780409919099986,1.79010708402779,1.06578512789504,1.69815824525946,1.47338263208834,1.36593733094729,0.992912368902444,1.68104110601243,1.11758590825434,1.599989156425,1.10226814223346,0.68743178799957,1.53445804919606,1.8072302023702,2.37274260829157,1.38697937266798,1.76118712575455,0.825550508042743,0.975010952306243,1.7435374618701,1.43961545831208,1.43836436867354,0.963425292850683,1.95170192307962,1.14979355946943,1.94980400401238
"041_S_1423",2.20713030917605,1.34457693483712,1.05600188932082,1.50301104923115,0.96103274294694,1.15566145750851,1.74559971836215,0.957359294014145,1.4487218593729,1.96460439019136,1.45172826850875,1.05697880420659,1.695620365182,1.49350060155394,2.66605450647294,1.2246086597269,0.849712143261099,1.61456496514003,1.58005883426768,2.25945489404804,0.899705363616051,1.40823774228044,0.847194867278144,0.85192412766679,1.62608872404567,1.84964700050224,1.57543199863717,1.01200131747875,1.74334914426439,1.52221983145136,2.82732163612393
"041_S_1425",3.12517087926082,1.15218701763751,0.972722541005649,1.85486133358129,1.03173532829996,0.813737825461538,1.94988635157053,0.759174034773637,2.05278914738757,1.96689746572213,1.7165928249757,1.18259633127594,1.58417164806052,1.36493191044959,2.95134482928119,1.26366477999246,0.998560672108344,1.70252796399553,1.72234714757698,2.46615575432591,0.94264125385736,1.65448189503152,0.895338910630286,0.843681771880093,1.98618067137747,1.89678462795424,1.62037159676672,1.08703650938052,1.60095556631411,1.33203893728359,2.8620171574491
"041_S_1435",1.98277344104816,1.83714245621407,1.89379137804111,2.74465553137621,1.98040908615184,1.68206848161599,2.35305827213269,1.79841236732691,2.36809810372751,2.15096812329961,2.0646057589532,1.58637499024619,3.0573643445249,2.09733462560697,2.86907378425016,1.90401582145064,1.62689870652075,2.33743691615139,2.37034306275054,2.30904325173826,1.78567271332539,2.26690454215329,1.53292181907198,1.76536543232082,2.02946143355932,2.37022078920252,2.13123893906978,1.61694211550914,2.53548856222777,1.97490980941206,2.31252315239811
"067_S_0019",2.45299466467765,1.69038719810834,1.06552696675808,1.80718128132139,1.03747026805045,0.89410578237291,1.69675740279069,1.02705643233646,1.83297298086638,2.4264822213705,1.93714591700368,1.24170246637439,1.76148373134037,1.46873422046385,2.32576915645322,1.65689245665338,0.806489772382281,1.35845303616748,1.20980008939544,1.83532517295317,1.06501783656889,1.33884324478135,0.864624360167009,1.05313861132332,1.55130406927604,2.22445285407971,1.83958888973725,0.916337254562147,1.30931319107734,1.42172879242826,2.09688826596008
"067_S_0020",2.21573217486403,1.63069343777326,0.94143862869495,2.229304773249,1.24603875862524,1.31208239984071,1.8911567911635,1.25973989639081,1.99755176590304,1.93814897789211,1.80385117515033,1.26946040133858,1.89700979858164,1.77529844503781,2.37754393313946,1.42775456114767,0.757938329668918,1.98047899371554,1.59528830785993,2.33857358719061,1.12559180295836,1.26636329435999,1.0915803260779,1.17591178506732,1.75170122973476,2.00302232931884,1.90858450243882,1.24569307679555,2.03885579048707,1.71604185747954,2.42591009105194
"067_S_0024",2.37559902329703,1.62630329701689,0.701815600554647,1.1652794255253,1.20413358329297,1.1335596852041,1.80894592667811,1.37093897698866,1.30357305822511,2.12001037214851,2.02683460582183,0.88015018642733,1.94155821798052,1.61655628195976,2.69918645778741,1.64911549295674,0.852024734074966,1.64378251388399,1.43851138315968,2.45815768257688,1.50699791384973,1.68899143545927,1.22013781475404,1.32701188403267,1.60951136389832,2.26600416989668,2.22673366182128,1.08470336894894,1.90742922644991,1.54767891245109,2.92668167611586
"067_S_0029",2.42581452713037,1.63840142293852,1.10808138035598,1.82120094181653,1.38401196640113,1.18521569566157,1.37206327991608,1.538388027505,1.83262988671343,1.71280315813298,1.92203309384798,1.05123004554977,2.38576100774038,1.57460389785289,2.28810368429783,1.63580181221125,1.02136735916138,1.98385732128652,1.66961669090028,2.72414996590182,1.31832834550938,2.09045287834446,1.14252271752377,1.40985345953131,1.83465169426879,1.76939982463798,2.00517421074273,1.09730907674739,2.43071779847307,1.288387182689,2.52842219173908
"067_S_0038",1.72559239553852,1.08365512021577,1.00688946518681,1.49012987970676,1.00384770859215,0.714660788064268,1.27863229079954,0.851043520767165,1.80583760820626,1.73784643825165,1.58759867347729,0.91124432867971,1.58448889881459,1.35996450024796,1.80333080786701,1.08476076978691,0.886546082080886,2.02152175406303,1.43597568207211,2.35399459990504,0.943167355249924,1.551582901324,1.10245978788815,0.784128099117906,1.57950832305959,1.40241350090916,1.49226706979324,0.903616311218071,1.80530354271704,1.36186426265639,1.85361751899086
"067_S_0045",2.48136306258482,1.81822086572204,1.25975499448165,2.7760056078914,1.11644085003677,1.5636162356596,1.77698112036053,1.42346560674934,1.87268274536115,2.43716961094339,2.07497639691707,1.62046545007715,2.49379428218578,2.1416134980785,2.2789486914281,1.67360061814388,1.02784874253283,2.69238712042226,2.01991241868942,2.45596431156263,1.14647085243582,1.71022720250631,1.33956254975597,1.50145498681773,2.05345846409688,2.38364404422864,2.15231633530014,1.67772167054555,2.5633205456731,2.07764290953201,2.49834468337927
"067_S_0056",1.97821357382386,1.54209384732495,1.01764343873013,2.09275107305199,1.6630939415607,1.19781337215784,1.59073691730614,1.38891828792205,1.70012202202638,1.77790269150608,1.83771620926726,1.36354962232548,2.06815380394696,1.90825301176311,2.22222048240587,1.31749144976406,1.11047005077203,2.3988606683365,1.49665060690326,3.58558237552643,1.57271955613094,2.37086426672516,1.49945259481183,1.52110982600433,1.65967013664065,1.76410535838236,1.87208153013469,1.41235249424987,2.45979877911532,2.16095397246576,2.43061519797881
"067_S_0059",2.78294026581892,1.71808156775536,0.932300814867424,1.83499096483237,1.05659920677584,0.985434291475059,1.65364013036723,1.29446977024218,1.3290807981381,2.13757784592847,1.75691918140032,0.911574782281499,1.61778145439831,1.68150178211793,2.14352393433494,1.66325140504346,0.716837720061471,1.6318665171779,1.53375554106457,2.15325025368447,1.19658689955275,1.47229706984443,0.975146798942266,1.15168665385526,1.47163130775907,1.99917735264789,1.72115201010537,1.01707735027781,1.36633152815578,1.30836312614419,1.92540451609015
"067_S_0076",2.18168932430504,2.09025697262312,1.08691750554031,1.14153613910386,2.0038290955874,1.34927391533406,1.24840670764446,1.45976696516639,1.70632725492869,2.05104182397618,2.13915632989822,0.784166843936486,1.53335452356261,1.0434104094174,2.59956642169616,2.22212643738814,0.905259692721047,1.16670925531461,1.74702648409412,1.68079912449919,1.77551145535593,2.71078087761998,1.06813370376602,1.37938906816539,1.4106474120432,1.03486672848944,2.13660807257695,0.755680921213035,1.01567781032435,0.83499230743726,1.86445674440891
"067_S_0077",1.36512562428435,1.54365137694335,1.21955481015028,1.30340409285097,1.2887167378282,1.13097603845952,0.978899449110031,1.17914855036165,1.61912648395504,1.72467023894798,1.70483904510594,0.868044850864957,1.45516647108653,1.1382485104224,1.54596079800623,1.22406309130534,1.07288718437837,1.46512869633106,1.25015214738151,1.73068950108875,1.41729418648308,1.94011608617646,1.14103452804865,1.21623662322968,1.71942824371303,1.68789049967339,1.82842035917671,0.892939757048024,1.7102875146157,1.07641231465878,2.65102604067469
"067_S_0098",1.79463524047718,1.26110673752873,0.679876305934939,1.34955526388434,1.10466751864863,0.85576457962851,1.46610146241934,1.02549983535943,1.48111475154573,1.62611719478163,1.57937282726523,0.85266820971843,1.44448961264422,1.30156552526928,1.88762212256189,1.2287463230103,0.60401631651725,1.49669446027214,1.58174825992223,2.26563109058541,1.11209662858453,1.28231576641566,0.812890904510151,0.948724661823232,1.25673125883362,1.67924510232519,1.58540399493053,0.921725335280781,1.47816713837413,1.24889088624646,1.76321666276192
"067_S_0110",2.36536855092919,1.63111775306435,0.911962682749249,1.63131591219965,1.40001675743798,1.431160644054,1.64427058658903,1.66789216690627,1.6788389553158,2.2569004816349,2.1554760720397,0.866195368027259,2.42585799950792,1.58674104029651,2.76132836881885,1.47435869628979,0.624114610160054,1.62934126780037,1.71617137060012,2.62418847176562,1.29630158177858,2.16108299069798,1.45840524295366,1.65066793007407,1.76829816601993,2.22957169116055,2.10324281758365,0.847122260733374,2.73048044346183,1.65113395512361,2.50359440575305
"067_S_0176",2.22012104415716,1.25260280313624,0.80869892051308,1.39723945441107,0.822609016052386,0.853104580423981,1.9921671202943,0.798122939264803,1.68744855205309,2.16153561590425,1.71623759139566,0.915237221262778,1.72452447517664,1.53420210895978,2.33922809193228,1.27653140598165,0.6146312944041,1.88157434769346,1.5139498441614,2.24781083736306,0.922952588124756,1.05884918965251,1.00168312544484,0.795418444939176,1.53938559548819,1.95124783655272,1.82366907922694,0.85551802334114,1.63023508056563,1.80928314327419,2.27455181366926
"067_S_0177",1.64149453552402,1.15312736743137,0.73214897860544,1.90884000384158,0.967661377012423,0.987627701210776,1.48903146538639,0.985035688054799,1.4089586010661,1.39456359721901,1.39616141097361,0.955135675786185,1.60614785761931,1.44285697728977,2.41534267058848,1.12331468277102,0.871568902749424,1.63818510430034,1.9226356321384,2.24456087685924,0.833714024301216,1.17951203660762,0.758345517173949,1.02215836859989,1.36253181267026,1.3060277482933,1.33740395059316,0.886124606448279,1.47823161645845,1.16808494608737,2.31796478655638
"067_S_0243",2.46089567421139,1.58576988150366,0.982213178449783,1.5630515195489,1.42784671137521,1.22243220989848,0.675179169936614,1.28620304948971,1.61435060415811,1.63432508649497,1.76131198534278,0.855834924955919,1.95509317481151,1.46388958508211,2.37838685294919,1.51207925369408,0.741921141864415,1.50689900826374,1.57576892357962,2.58346413514629,1.62386620262827,1.75494759500801,1.02337760456643,1.22024057023317,1.80235296066669,1.45523420465207,1.74977239991053,0.799704755351073,1.80560576199514,1.30471819141432,2.26752235043956
"067_S_0257",2.03818677918295,1.37458806160842,1.22028296643799,1.45875966652745,1.20593110417281,0.913864535710494,1.45012874456343,1.10039624546532,1.55365053082748,1.67329688195976,1.85545150074066,1.27292834171852,1.56546282229678,1.52888451832754,1.98192249499261,1.62511724652325,0.962775846554212,1.58208829136505,1.94980875674454,2.31338941096693,1.16587234323516,2.03988796324769,0.943564968063051,1.14028773326193,1.59894064186772,1.98811914316735,1.87594079819725,1.1067664820885,1.89787549562299,1.51098403300999,2.10797679866283
"067_S_0284",2.16834436584327,2.18768736307856,1.92332654113033,1.81855521203812,2.86000323428768,2.27848063943693,1.51601949809536,2.39411322936804,2.18634211850509,2.22446467509637,2.17852512771741,1.69629792133807,2.26651825776649,1.98822759037173,2.89080135427691,2.14322191392799,1.76557818727426,1.92679170048596,2.31250828415788,2.79058062809317,2.39163188805055,3.1827085018158,2.0620300850582,2.19601263952313,2.0594299303736,1.19654106814414,2.28421088268044,1.54661503951557,2.30041376938216,2.04882598872635,3.08030610419346
"067_S_0290",2.39443932918759,1.9273057845862,1.2790891998477,1.84988572871469,1.64228373603923,1.43979159173029,1.01681552389089,1.48640331684219,1.45030807433177,2.16702546755473,2.13443743497037,1.04008784874618,2.18193219957196,1.47372950807618,2.13719256375438,1.77128374833252,0.986957282662726,2.03126254715242,2.29202956026453,3.37614073950475,1.79947695298551,1.96772291511297,1.31137538634383,1.36553843064351,1.69353969561105,1.49624833762646,2.04437088129952,0.863741216993083,2.03210735129116,1.51763096179611,1.94754957812173
"067_S_0336",2.23710633315793,2.09979832142685,1.76417576573569,2.18055592914548,1.76461294238697,1.72971949459467,1.97718263966419,1.97434995748481,2.12922781256447,2.69145802235206,2.28485139218665,1.40754129020929,2.38458250078035,2.14172654687597,2.51410579316025,1.85416792137282,1.42081216727028,2.22001524050979,2.21015514336095,3.06939450111932,1.64591691782659,2.38398169468303,1.52984409171665,1.94180690825529,2.04081757429814,2.34306472497591,2.48222742065417,1.2653554704568,2.14090742565797,2.00784913320299,2.76346867846596
"067_S_0607",2.4112990870722,1.50975820370562,1.19627226718283,1.21628823045976,1.63601798343134,1.31138079876072,1.2452058042917,1.35554984948365,1.5475351712912,1.60694528128727,1.80855277539461,0.767654632761202,1.51372073142812,1.02360753296874,1.95446711844868,1.53779033655478,1.42418831731043,1.2178838142732,1.19022410880626,1.87680340440789,1.54354082234853,1.85750151839521,1.25983754520051,1.35172504559159,1.59710656775092,1.64082338600545,1.6107543145526,0.734436041923532,1.7460105500921,0.982374696016358,1.64108277659586
"067_S_0812",2.28072568253756,1.83155462877362,1.54340045662487,1.89089611253336,1.44671755263616,1.4197083313786,2.10164382283232,1.42538282952485,1.96405927320191,2.07859718916074,2.02627749795483,1.395978755807,2.10106067818623,1.96315206852859,2.54268849055392,1.68384154270722,1.06625531734861,2.22534154224967,1.86629090997873,2.72618625230032,0.838347495942318,1.70142010398844,1.27225382136771,1.40380813396297,1.76499365248122,1.96436553121102,1.91793479777917,1.35616809403392,2.01485087980202,1.89855986473494,2.49460959404707
"067_S_0828",3.29833216815536,1.52259742172531,0.343420871070663,1.12754110389811,1.0222365866856,1.13668089749011,2.08726578867034,1.22472980374508,1.58482660381731,2.36540301376724,1.98588081142028,0.74658573835439,1.94008574023996,1.71258638912037,2.8990686708579,1.55853369287143,0.495006263610863,1.37058158587666,0.747124417150872,2.55842842284105,1.14115945618988,1.921423723073,1.12960502633649,1.21681806017165,1.76127629210804,2.28256033475954,2.16773023787773,0.890819706363367,2.08508954202661,1.71624838778934,2.9057379601276
"067_S_1185",2.10326865269513,2.01424608301982,1.7732324659549,2.46309639712071,1.49764758060952,1.70943665277707,2.18396534165938,1.78994310724874,1.96296688568343,2.32724225275519,2.29229450128835,1.77611765772022,2.33986312522844,2.16454744557766,3.00295329276659,1.73501321262783,1.74208627963891,2.30086096521201,2.87331753275166,2.71083416300783,1.4959076062796,1.90013014113503,1.7130630616574,1.84756835392908,1.87088810369721,2.24716273675883,2.19270962938818,1.69576334564486,2.44023890817926,1.92091216547592,2.92564582369261
"067_S_1253",2.64751075985752,1.99258777440429,1.50136917988884,1.44967287605162,1.39102294449169,1.58665346480733,2.01005332967422,1.63663540509639,1.85528263417712,2.49199858833363,2.16430606730567,1.94855835801207,1.75987783377241,1.81169639554711,1.99763354462366,1.90727739067623,1.09172880376108,2.06925730778233,2.1576399296092,2.72186270822133,1.85448246356786,1.8143810520204,1.56474320373456,1.68163312000593,2.35947136376098,2.46665239414533,2.43529083104762,1.84383684617308,2.41044188054043,1.91947080488703,2.20879678264461
"068_S_0109",2.73409233819804,2.57743810450664,1.29214565463836,2.36357390373247,1.71730153026692,1.95796935491094,2.017255484257,1.81225194248864,2.50787713580277,2.65467051592613,2.47336811289448,1.53778366659563,2.45295464906294,2.53407598063995,2.43990579567865,2.28529142532079,0.933750649566823,2.7244734649109,2.28699146770608,3.59543343813987,1.74756946022836,2.28026419787582,1.65088242298761,1.75617310823627,2.3885630513287,3.04072557162191,2.72987657780245,1.46146951852224,2.35165690705272,2.39165705961073,2.67180138093526
"068_S_0127",2.57909521342462,2.15099826455727,1.1677990819152,2.43020969909882,1.41788582230092,1.57490126881055,2.08294316182303,1.76344017497446,2.11852735504363,2.69057462268221,2.45822182312945,1.72987672346748,2.31831796936154,2.49332166083683,2.95443649238778,2.07223182797779,1.10492978561379,2.46859908081599,2.05575997612022,2.87071962247975,1.23349562107146,2.22014523092347,1.64088345896617,1.73749850647999,2.26160706457497,2.74852740134998,2.60367910465292,1.61084135874464,2.46410119105085,2.32183115904403,2.75416068242743
"068_S_0210",2.13948139184528,2.20554471566897,1.58335038607247,2.41236819282741,1.79640638821387,2.2310215558991,2.0987300784779,2.37079279993971,2.51153080663742,3.02731111188535,2.45244099157585,1.61243316177527,3.050960645924,2.47913602299536,3.19158111510471,2.20841212710618,1.13789181633549,2.67335654035779,2.52777904943337,3.20016819689633,1.67461143209723,2.65039041234964,2.1978274753556,2.5061400341348,2.46529599717532,3.29506831248705,2.561326620481,1.62721454088282,2.74740422040661,2.52257042661762,2.8169306879019
"068_S_0401",2.75505872340395,1.79629903599943,1.1987604421024,2.088894562082,1.28375697365971,1.19315241538258,2.48482955182644,1.41949602905495,2.76711339563872,2.84117234016084,2.12541203766375,1.53396142314254,2.09821941433789,2.02239261423362,2.95086703457905,1.74132579764575,1.03977638893903,2.03524137796806,2.26668428291812,2.75692330069142,1.37819949633688,1.78467524987021,1.13604805510652,1.4424876999372,2.44569924282514,2.6405736235205,2.45512065622451,1.30982193232405,2.09535236604284,1.7774603289488,3.01683255031762
"068_S_0442",2.46920561440905,1.93258090531675,0.911247926152526,2.12388728136091,1.10135040937484,1.46096734891218,2.22802079720032,1.81697131457031,2.30653875510238,2.24609527445916,2.30208707692353,1.38952091540595,2.57957127980937,2.15693616951249,2.73876705574255,1.87703312842127,0.908803538539578,2.11415112687493,2.12441106859248,3.02102270640092,1.23174225552852,1.88910008686804,1.3758168174979,1.68473431353286,2.12701264992725,2.60546548486733,2.42429795146661,1.39792480769588,2.52330890249203,1.94544022457246,3.03784689477968
"068_S_0473",2.95472705693772,1.93312062864197,1.36828071578255,2.11224546315038,1.77056166919683,1.68800656574887,2.0583840455141,1.92307471527786,1.84822271245884,2.70686202377975,2.27128825090271,1.16925696116507,2.81262601930864,1.79865108137622,3.80394619936919,1.72201532997656,1.18591076250164,1.86948142901422,1.58201096708124,2.20371287995921,1.54231004399769,3.29343317128304,1.52546009838263,1.91126651128298,1.81149133822033,2.59675610152621,2.35767444169431,0.990923530114275,2.46462600628636,1.65642904596512,3.67789829414309
"068_S_0478",2.35247964427467,1.88092239925954,1.21706240750319,2.56049582650496,1.04004662292882,1.47150112690194,2.42223034276757,1.5938643626631,2.20934074015748,2.75169924298605,2.29701477417762,1.91068387707866,2.42419411358875,2.26208434210899,3.11941799866756,2.16503163193613,1.00586951296465,2.69752449389979,2.87902816391446,3.25881043386435,1.28903700101719,2.22275441882232,1.57422950023777,1.66719486071215,2.06900444671736,2.74087056811984,2.37160472269627,1.82637945790901,2.39458260706928,2.23376073635136,3.21328478189818
"068_S_0802",2.63550326192392,2.00248564544976,1.78997469102514,2.58809573562186,1.34109297965482,1.49487241799102,2.19877183515735,1.62236723723988,2.53385460019681,3.02815506867578,2.37994921114373,1.74312478684621,2.82129855432083,2.66611858061349,2.95765546033438,2.1925645924619,1.2862413497288,2.65036153306524,2.84824879112898,3.0980923240911,1.52539235947822,2.32313819162746,1.47590417649135,1.73028084934221,2.39254895920614,2.95579230673265,2.45720712375352,1.84263132097558,2.51840522189162,2.52157115949695,2.96936786178509
"068_S_0872",2.48686625815632,2.04041338104199,2.32182604843697,2.65898824392142,1.76643180952216,1.75955028874607,2.11945782017474,1.95447721197589,2.74840495120505,2.45485492892761,2.22038552653845,1.9808383026586,2.79178321637267,2.29011695119821,2.80292345896778,1.93461438228786,1.85979411026652,1.83237277828229,1.99864081940675,2.38461922694697,1.90242244273819,1.95429894811988,1.53103248362785,1.706451127924,2.12320399208992,2.50771687551186,2.45851375353886,1.7129530955347,2.29115789551023,1.72027419482893,2.81578805298431
